  Building Custom Rule D:/study/AaSD/antlr/antlr4-cpp-runtime-4.13.2-source/runtime/CMakeLists.txt
  ANTLRErrorListener.cpp
  ANTLRErrorStrategy.cpp
  ANTLRFileStream.cpp
  ANTLRInputStream.cpp
  BailErrorStrategy.cpp
  BaseErrorListener.cpp
  BufferedTokenStream.cpp
  CharStream.cpp
  CommonToken.cpp
  CommonTokenFactory.cpp
  CommonTokenStream.cpp
  ConsoleErrorListener.cpp
  DefaultErrorStrategy.cpp
  DiagnosticErrorListener.cpp
  Exceptions.cpp
  FailedPredicateException.cpp
D:\study\AaSD\antlr\antlr4-cpp-runtime-4.13.2-source\runtime\src\Exceptions.h(13,57): warning C4275: class "std::exception", не являющийся dll-интерфейсом, использован в качестве базового для dll-интерфейса class "antlr4::RuntimeException"
  (компиляция исходного файла "../../antlr4-cpp-runtime-4.13.2-source/runtime/src/DiagnosticErrorListener.cpp")
      C:\Program Files\Microsoft Visual Studio\2022\Community\VC\Tools\MSVC\14.44.35207\include\vcruntime_exception.h(49,35):
       см. объявление "std::exception"
      D:\study\AaSD\antlr\antlr4-cpp-runtime-4.13.2-source\runtime\src\Exceptions.h(13,26):
       см. объявление "antlr4::RuntimeException"
  
D:\study\AaSD\antlr\antlr4-cpp-runtime-4.13.2-source\runtime\src\Exceptions.h(73,52): warning C4275: class "std::exception", не являющийся dll-интерфейсом, использован в качестве базового для dll-интерфейса class "antlr4::IOException"
  (компиляция исходного файла "../../antlr4-cpp-runtime-4.13.2-source/runtime/src/DiagnosticErrorListener.cpp")
      C:\Program Files\Microsoft Visual Studio\2022\Community\VC\Tools\MSVC\14.44.35207\include\vcruntime_exception.h(49,35):
       см. объявление "std::exception"
      D:\study\AaSD\antlr\antlr4-cpp-runtime-4.13.2-source\runtime\src\Exceptions.h(73,26):
       см. объявление "antlr4::IOException"
  
D:\study\AaSD\antlr\antlr4-cpp-runtime-4.13.2-source\runtime\src\Exceptions.h(13,57): warning C4275: class "std::exception", не являющийся dll-интерфейсом, использован в качестве базового для dll-интерфейса class "antlr4::RuntimeException"
  (компиляция исходного файла "../../antlr4-cpp-runtime-4.13.2-source/runtime/src/ConsoleErrorListener.cpp")
      C:\Program Files\Microsoft Visual Studio\2022\Community\VC\Tools\MSVC\14.44.35207\include\vcruntime_exception.h(49,35):
       см. объявление "std::exception"
      D:\study\AaSD\antlr\antlr4-cpp-runtime-4.13.2-source\runtime\src\Exceptions.h(13,26):
       см. объявление "antlr4::RuntimeException"
  
D:\study\AaSD\antlr\antlr4-cpp-runtime-4.13.2-source\runtime\src\Exceptions.h(73,52): warning C4275: class "std::exception", не являющийся dll-интерфейсом, использован в качестве базового для dll-интерфейса class "antlr4::IOException"
  (компиляция исходного файла "../../antlr4-cpp-runtime-4.13.2-source/runtime/src/ConsoleErrorListener.cpp")
      C:\Program Files\Microsoft Visual Studio\2022\Community\VC\Tools\MSVC\14.44.35207\include\vcruntime_exception.h(49,35):
       см. объявление "std::exception"
      D:\study\AaSD\antlr\antlr4-cpp-runtime-4.13.2-source\runtime\src\Exceptions.h(73,26):
       см. объявление "antlr4::IOException"
  
D:\study\AaSD\antlr\antlr4-cpp-runtime-4.13.2-source\runtime\src\Exceptions.h(13,57): warning C4275: class "std::exception", не являющийся dll-интерфейсом, использован в качестве базового для dll-интерфейса class "antlr4::RuntimeException"
  (компиляция исходного файла "../../antlr4-cpp-runtime-4.13.2-source/runtime/src/ANTLRErrorListener.cpp")
      C:\Program Files\Microsoft Visual Studio\2022\Community\VC\Tools\MSVC\14.44.35207\include\vcruntime_exception.h(49,35):
       см. объявление "std::exception"
      D:\study\AaSD\antlr\antlr4-cpp-runtime-4.13.2-source\runtime\src\Exceptions.h(13,26):
       см. объявление "antlr4::RuntimeException"
  
D:\study\AaSD\antlr\antlr4-cpp-runtime-4.13.2-source\runtime\src\Exceptions.h(73,52): warning C4275: class "std::exception", не являющийся dll-интерфейсом, использован в качестве базового для dll-интерфейса class "antlr4::IOException"
  (компиляция исходного файла "../../antlr4-cpp-runtime-4.13.2-source/runtime/src/ANTLRErrorListener.cpp")
      C:\Program Files\Microsoft Visual Studio\2022\Community\VC\Tools\MSVC\14.44.35207\include\vcruntime_exception.h(49,35):
       см. объявление "std::exception"
      D:\study\AaSD\antlr\antlr4-cpp-runtime-4.13.2-source\runtime\src\Exceptions.h(73,26):
       см. объявление "antlr4::IOException"
  
D:\study\AaSD\antlr\antlr4-cpp-runtime-4.13.2-source\runtime\src\Exceptions.h(13,57): warning C4275: class "std::exception", не являющийся dll-интерфейсом, использован в качестве базового для dll-интерфейса class "antlr4::RuntimeException"
  (компиляция исходного файла "../../antlr4-cpp-runtime-4.13.2-source/runtime/src/DefaultErrorStrategy.cpp")
      C:\Program Files\Microsoft Visual Studio\2022\Community\VC\Tools\MSVC\14.44.35207\include\vcruntime_exception.h(49,35):
       см. объявление "std::exception"
      D:\study\AaSD\antlr\antlr4-cpp-runtime-4.13.2-source\runtime\src\Exceptions.h(13,26):
       см. объявление "antlr4::RuntimeException"
  
D:\study\AaSD\antlr\antlr4-cpp-runtime-4.13.2-source\runtime\src\Exceptions.h(13,57): warning C4275: class "std::exception", не являющийся dll-интерфейсом, использован в качестве базового для dll-интерфейса class "antlr4::RuntimeException"
  (компиляция исходного файла "../../antlr4-cpp-runtime-4.13.2-source/runtime/src/CommonToken.cpp")
      C:\Program Files\Microsoft Visual Studio\2022\Community\VC\Tools\MSVC\14.44.35207\include\vcruntime_exception.h(49,35):
       см. объявление "std::exception"
      D:\study\AaSD\antlr\antlr4-cpp-runtime-4.13.2-source\runtime\src\Exceptions.h(13,26):
       см. объявление "antlr4::RuntimeException"
  
D:\study\AaSD\antlr\antlr4-cpp-runtime-4.13.2-source\runtime\src\Exceptions.h(13,57): warning C4275: class "std::exception", не являющийся dll-интерфейсом, использован в качестве базового для dll-интерфейса class "antlr4::RuntimeException"
  (компиляция исходного файла "../../antlr4-cpp-runtime-4.13.2-source/runtime/src/ANTLRInputStream.cpp")
      C:\Program Files\Microsoft Visual Studio\2022\Community\VC\Tools\MSVC\14.44.35207\include\vcruntime_exception.h(49,35):
       см. объявление "std::exception"
      D:\study\AaSD\antlr\antlr4-cpp-runtime-4.13.2-source\runtime\src\Exceptions.h(13,26):
       см. объявление "antlr4::RuntimeException"
  
D:\study\AaSD\antlr\antlr4-cpp-runtime-4.13.2-source\runtime\src\Exceptions.h(73,52): warning C4275: class "std::exception", не являющийся dll-интерфейсом, использован в качестве базового для dll-интерфейса class "antlr4::IOException"
  (компиляция исходного файла "../../antlr4-cpp-runtime-4.13.2-source/runtime/src/DefaultErrorStrategy.cpp")
      C:\Program Files\Microsoft Visual Studio\2022\Community\VC\Tools\MSVC\14.44.35207\include\vcruntime_exception.h(49,35):
       см. объявление "std::exception"
      D:\study\AaSD\antlr\antlr4-cpp-runtime-4.13.2-source\runtime\src\Exceptions.h(73,26):
       см. объявление "antlr4::IOException"
  
D:\study\AaSD\antlr\antlr4-cpp-runtime-4.13.2-source\runtime\src\Exceptions.h(73,52): warning C4275: class "std::exception", не являющийся dll-интерфейсом, использован в качестве базового для dll-интерфейса class "antlr4::IOException"
  (компиляция исходного файла "../../antlr4-cpp-runtime-4.13.2-source/runtime/src/CommonToken.cpp")
      C:\Program Files\Microsoft Visual Studio\2022\Community\VC\Tools\MSVC\14.44.35207\include\vcruntime_exception.h(49,35):
       см. объявление "std::exception"
      D:\study\AaSD\antlr\antlr4-cpp-runtime-4.13.2-source\runtime\src\Exceptions.h(73,26):
       см. объявление "antlr4::IOException"
  
D:\study\AaSD\antlr\antlr4-cpp-runtime-4.13.2-source\runtime\src\Exceptions.h(73,52): warning C4275: class "std::exception", не являющийся dll-интерфейсом, использован в качестве базового для dll-интерфейса class "antlr4::IOException"
  (компиляция исходного файла "../../antlr4-cpp-runtime-4.13.2-source/runtime/src/ANTLRInputStream.cpp")
      C:\Program Files\Microsoft Visual Studio\2022\Community\VC\Tools\MSVC\14.44.35207\include\vcruntime_exception.h(49,35):
       см. объявление "std::exception"
      D:\study\AaSD\antlr\antlr4-cpp-runtime-4.13.2-source\runtime\src\Exceptions.h(73,26):
       см. объявление "antlr4::IOException"
  
D:\study\AaSD\antlr\antlr4-cpp-runtime-4.13.2-source\runtime\src\Exceptions.h(13,57): warning C4275: class "std::exception", не являющийся dll-интерфейсом, использован в качестве базового для dll-интерфейса class "antlr4::RuntimeException"
  (компиляция исходного файла "../../antlr4-cpp-runtime-4.13.2-source/runtime/src/Exceptions.cpp")
      C:\Program Files\Microsoft Visual Studio\2022\Community\VC\Tools\MSVC\14.44.35207\include\vcruntime_exception.h(49,35):
       см. объявление "std::exception"
      D:\study\AaSD\antlr\antlr4-cpp-runtime-4.13.2-source\runtime\src\Exceptions.h(13,26):
       см. объявление "antlr4::RuntimeException"
  
D:\study\AaSD\antlr\antlr4-cpp-runtime-4.13.2-source\runtime\src\Exceptions.h(13,57): warning C4275: class "std::exception", не являющийся dll-интерфейсом, использован в качестве базового для dll-интерфейса class "antlr4::RuntimeException"
  (компиляция исходного файла "../../antlr4-cpp-runtime-4.13.2-source/runtime/src/FailedPredicateException.cpp")
      C:\Program Files\Microsoft Visual Studio\2022\Community\VC\Tools\MSVC\14.44.35207\include\vcruntime_exception.h(49,35):
       см. объявление "std::exception"
      D:\study\AaSD\antlr\antlr4-cpp-runtime-4.13.2-source\runtime\src\Exceptions.h(13,26):
       см. объявление "antlr4::RuntimeException"
  
D:\study\AaSD\antlr\antlr4-cpp-runtime-4.13.2-source\runtime\src\Exceptions.h(73,52): warning C4275: class "std::exception", не являющийся dll-интерфейсом, использован в качестве базового для dll-интерфейса class "antlr4::IOException"
  (компиляция исходного файла "../../antlr4-cpp-runtime-4.13.2-source/runtime/src/Exceptions.cpp")
      C:\Program Files\Microsoft Visual Studio\2022\Community\VC\Tools\MSVC\14.44.35207\include\vcruntime_exception.h(49,35):
       см. объявление "std::exception"
      D:\study\AaSD\antlr\antlr4-cpp-runtime-4.13.2-source\runtime\src\Exceptions.h(73,26):
       см. объявление "antlr4::IOException"
  
D:\study\AaSD\antlr\antlr4-cpp-runtime-4.13.2-source\runtime\src\Exceptions.h(13,57): warning C4275: class "std::exception", не являющийся dll-интерфейсом, использован в качестве базового для dll-интерфейса class "antlr4::RuntimeException"
  (компиляция исходного файла "../../antlr4-cpp-runtime-4.13.2-source/runtime/src/BufferedTokenStream.cpp")
      C:\Program Files\Microsoft Visual Studio\2022\Community\VC\Tools\MSVC\14.44.35207\include\vcruntime_exception.h(49,35):
       см. объявление "std::exception"
      D:\study\AaSD\antlr\antlr4-cpp-runtime-4.13.2-source\runtime\src\Exceptions.h(13,26):
       см. объявление "antlr4::RuntimeException"
  
D:\study\AaSD\antlr\antlr4-cpp-runtime-4.13.2-source\runtime\src\Exceptions.h(73,52): warning C4275: class "std::exception", не являющийся dll-интерфейсом, использован в качестве базового для dll-интерфейса class "antlr4::IOException"
  (компиляция исходного файла "../../antlr4-cpp-runtime-4.13.2-source/runtime/src/FailedPredicateException.cpp")
      C:\Program Files\Microsoft Visual Studio\2022\Community\VC\Tools\MSVC\14.44.35207\include\vcruntime_exception.h(49,35):
       см. объявление "std::exception"
      D:\study\AaSD\antlr\antlr4-cpp-runtime-4.13.2-source\runtime\src\Exceptions.h(73,26):
       см. объявление "antlr4::IOException"
  
D:\study\AaSD\antlr\antlr4-cpp-runtime-4.13.2-source\runtime\src\Exceptions.h(13,57): warning C4275: class "std::exception", не являющийся dll-интерфейсом, использован в качестве базового для dll-интерфейса class "antlr4::RuntimeException"
  (компиляция исходного файла "../../antlr4-cpp-runtime-4.13.2-source/runtime/src/BaseErrorListener.cpp")
      C:\Program Files\Microsoft Visual Studio\2022\Community\VC\Tools\MSVC\14.44.35207\include\vcruntime_exception.h(49,35):
       см. объявление "std::exception"
      D:\study\AaSD\antlr\antlr4-cpp-runtime-4.13.2-source\runtime\src\Exceptions.h(13,26):
       см. объявление "antlr4::RuntimeException"
  
D:\study\AaSD\antlr\antlr4-cpp-runtime-4.13.2-source\runtime\src\Exceptions.h(73,52): warning C4275: class "std::exception", не являющийся dll-интерфейсом, использован в качестве базового для dll-интерфейса class "antlr4::IOException"
  (компиляция исходного файла "../../antlr4-cpp-runtime-4.13.2-source/runtime/src/BufferedTokenStream.cpp")
      C:\Program Files\Microsoft Visual Studio\2022\Community\VC\Tools\MSVC\14.44.35207\include\vcruntime_exception.h(49,35):
       см. объявление "std::exception"
      D:\study\AaSD\antlr\antlr4-cpp-runtime-4.13.2-source\runtime\src\Exceptions.h(73,26):
       см. объявление "antlr4::IOException"
  
D:\study\AaSD\antlr\antlr4-cpp-runtime-4.13.2-source\runtime\src\Exceptions.h(13,57): warning C4275: class "std::exception", не являющийся dll-интерфейсом, использован в качестве базового для dll-интерфейса class "antlr4::RuntimeException"
  (компиляция исходного файла "../../antlr4-cpp-runtime-4.13.2-source/runtime/src/BailErrorStrategy.cpp")
      C:\Program Files\Microsoft Visual Studio\2022\Community\VC\Tools\MSVC\14.44.35207\include\vcruntime_exception.h(49,35):
       см. объявление "std::exception"
      D:\study\AaSD\antlr\antlr4-cpp-runtime-4.13.2-source\runtime\src\Exceptions.h(13,26):
       см. объявление "antlr4::RuntimeException"
  
D:\study\AaSD\antlr\antlr4-cpp-runtime-4.13.2-source\runtime\src\Exceptions.h(73,52): warning C4275: class "std::exception", не являющийся dll-интерфейсом, использован в качестве базового для dll-интерфейса class "antlr4::IOException"
  (компиляция исходного файла "../../antlr4-cpp-runtime-4.13.2-source/runtime/src/BaseErrorListener.cpp")
      C:\Program Files\Microsoft Visual Studio\2022\Community\VC\Tools\MSVC\14.44.35207\include\vcruntime_exception.h(49,35):
       см. объявление "std::exception"
      D:\study\AaSD\antlr\antlr4-cpp-runtime-4.13.2-source\runtime\src\Exceptions.h(73,26):
       см. объявление "antlr4::IOException"
  
D:\study\AaSD\antlr\antlr4-cpp-runtime-4.13.2-source\runtime\src\Exceptions.h(73,52): warning C4275: class "std::exception", не являющийся dll-интерфейсом, использован в качестве базового для dll-интерфейса class "antlr4::IOException"
  (компиляция исходного файла "../../antlr4-cpp-runtime-4.13.2-source/runtime/src/BailErrorStrategy.cpp")
      C:\Program Files\Microsoft Visual Studio\2022\Community\VC\Tools\MSVC\14.44.35207\include\vcruntime_exception.h(49,35):
       см. объявление "std::exception"
      D:\study\AaSD\antlr\antlr4-cpp-runtime-4.13.2-source\runtime\src\Exceptions.h(73,26):
       см. объявление "antlr4::IOException"
  
  InputMismatchException.cpp
  IntStream.cpp
  InterpreterRuleContext.cpp
  Lexer.cpp
  LexerInterpreter.cpp
  LexerNoViableAltException.cpp
  ListTokenSource.cpp
  NoViableAltException.cpp
  Parser.cpp
  ParserInterpreter.cpp
  ParserRuleContext.cpp
  ProxyErrorListener.cpp
  RecognitionException.cpp
  Recognizer.cpp
  RuleContext.cpp
  RuleContextWithAltNum.cpp
D:\study\AaSD\antlr\antlr4-cpp-runtime-4.13.2-source\runtime\src\Exceptions.h(13,57): warning C4275: class "std::exception", не являющийся dll-интерфейсом, использован в качестве базового для dll-интерфейса class "antlr4::RuntimeException"
  (компиляция исходного файла "../../antlr4-cpp-runtime-4.13.2-source/runtime/src/LexerNoViableAltException.cpp")
      C:\Program Files\Microsoft Visual Studio\2022\Community\VC\Tools\MSVC\14.44.35207\include\vcruntime_exception.h(49,35):
       см. объявление "std::exception"
      D:\study\AaSD\antlr\antlr4-cpp-runtime-4.13.2-source\runtime\src\Exceptions.h(13,26):
       см. объявление "antlr4::RuntimeException"
  
D:\study\AaSD\antlr\antlr4-cpp-runtime-4.13.2-source\runtime\src\Exceptions.h(73,52): warning C4275: class "std::exception", не являющийся dll-интерфейсом, использован в качестве базового для dll-интерфейса class "antlr4::IOException"
  (компиляция исходного файла "../../antlr4-cpp-runtime-4.13.2-source/runtime/src/LexerNoViableAltException.cpp")
      C:\Program Files\Microsoft Visual Studio\2022\Community\VC\Tools\MSVC\14.44.35207\include\vcruntime_exception.h(49,35):
       см. объявление "std::exception"
      D:\study\AaSD\antlr\antlr4-cpp-runtime-4.13.2-source\runtime\src\Exceptions.h(73,26):
       см. объявление "antlr4::IOException"
  
D:\study\AaSD\antlr\antlr4-cpp-runtime-4.13.2-source\runtime\src\Exceptions.h(13,57): warning C4275: class "std::exception", не являющийся dll-интерфейсом, использован в качестве базового для dll-интерфейса class "antlr4::RuntimeException"
  (компиляция исходного файла "../../antlr4-cpp-runtime-4.13.2-source/runtime/src/InputMismatchException.cpp")
      C:\Program Files\Microsoft Visual Studio\2022\Community\VC\Tools\MSVC\14.44.35207\include\vcruntime_exception.h(49,35):
       см. объявление "std::exception"
      D:\study\AaSD\antlr\antlr4-cpp-runtime-4.13.2-source\runtime\src\Exceptions.h(13,26):
       см. объявление "antlr4::RuntimeException"
  
D:\study\AaSD\antlr\antlr4-cpp-runtime-4.13.2-source\runtime\src\Exceptions.h(73,52): warning C4275: class "std::exception", не являющийся dll-интерфейсом, использован в качестве базового для dll-интерфейса class "antlr4::IOException"
  (компиляция исходного файла "../../antlr4-cpp-runtime-4.13.2-source/runtime/src/InputMismatchException.cpp")
      C:\Program Files\Microsoft Visual Studio\2022\Community\VC\Tools\MSVC\14.44.35207\include\vcruntime_exception.h(49,35):
       см. объявление "std::exception"
      D:\study\AaSD\antlr\antlr4-cpp-runtime-4.13.2-source\runtime\src\Exceptions.h(73,26):
       см. объявление "antlr4::IOException"
  
D:\study\AaSD\antlr\antlr4-cpp-runtime-4.13.2-source\runtime\src\Exceptions.h(13,57): warning C4275: class "std::exception", не являющийся dll-интерфейсом, использован в качестве базового для dll-интерфейса class "antlr4::RuntimeException"
  (компиляция исходного файла "../../antlr4-cpp-runtime-4.13.2-source/runtime/src/NoViableAltException.cpp")
      C:\Program Files\Microsoft Visual Studio\2022\Community\VC\Tools\MSVC\14.44.35207\include\vcruntime_exception.h(49,35):
       см. объявление "std::exception"
      D:\study\AaSD\antlr\antlr4-cpp-runtime-4.13.2-source\runtime\src\Exceptions.h(13,26):
       см. объявление "antlr4::RuntimeException"
  
D:\study\AaSD\antlr\antlr4-cpp-runtime-4.13.2-source\runtime\src\Exceptions.h(73,52): warning C4275: class "std::exception", не являющийся dll-интерфейсом, использован в качестве базового для dll-интерфейса class "antlr4::IOException"
  (компиляция исходного файла "../../antlr4-cpp-runtime-4.13.2-source/runtime/src/NoViableAltException.cpp")
      C:\Program Files\Microsoft Visual Studio\2022\Community\VC\Tools\MSVC\14.44.35207\include\vcruntime_exception.h(49,35):
       см. объявление "std::exception"
      D:\study\AaSD\antlr\antlr4-cpp-runtime-4.13.2-source\runtime\src\Exceptions.h(73,26):
       см. объявление "antlr4::IOException"
  
D:\study\AaSD\antlr\antlr4-cpp-runtime-4.13.2-source\runtime\src\Exceptions.h(13,57): warning C4275: class "std::exception", не являющийся dll-интерфейсом, использован в качестве базового для dll-интерфейса class "antlr4::RuntimeException"
  (компиляция исходного файла "../../antlr4-cpp-runtime-4.13.2-source/runtime/src/LexerInterpreter.cpp")
      C:\Program Files\Microsoft Visual Studio\2022\Community\VC\Tools\MSVC\14.44.35207\include\vcruntime_exception.h(49,35):
       см. объявление "std::exception"
      D:\study\AaSD\antlr\antlr4-cpp-runtime-4.13.2-source\runtime\src\Exceptions.h(13,26):
       см. объявление "antlr4::RuntimeException"
  
D:\study\AaSD\antlr\antlr4-cpp-runtime-4.13.2-source\runtime\src\Exceptions.h(73,52): warning C4275: class "std::exception", не являющийся dll-интерфейсом, использован в качестве базового для dll-интерфейса class "antlr4::IOException"
  (компиляция исходного файла "../../antlr4-cpp-runtime-4.13.2-source/runtime/src/LexerInterpreter.cpp")
      C:\Program Files\Microsoft Visual Studio\2022\Community\VC\Tools\MSVC\14.44.35207\include\vcruntime_exception.h(49,35):
       см. объявление "std::exception"
      D:\study\AaSD\antlr\antlr4-cpp-runtime-4.13.2-source\runtime\src\Exceptions.h(73,26):
       см. объявление "antlr4::IOException"
  
D:\study\AaSD\antlr\antlr4-cpp-runtime-4.13.2-source\runtime\src\Exceptions.h(13,57): warning C4275: class "std::exception", не являющийся dll-интерфейсом, использован в качестве базового для dll-интерфейса class "antlr4::RuntimeException"
  (компиляция исходного файла "../../antlr4-cpp-runtime-4.13.2-source/runtime/src/Parser.cpp")
      C:\Program Files\Microsoft Visual Studio\2022\Community\VC\Tools\MSVC\14.44.35207\include\vcruntime_exception.h(49,35):
       см. объявление "std::exception"
      D:\study\AaSD\antlr\antlr4-cpp-runtime-4.13.2-source\runtime\src\Exceptions.h(13,26):
       см. объявление "antlr4::RuntimeException"
  
D:\study\AaSD\antlr\antlr4-cpp-runtime-4.13.2-source\runtime\src\Exceptions.h(73,52): warning C4275: class "std::exception", не являющийся dll-интерфейсом, использован в качестве базового для dll-интерфейса class "antlr4::IOException"
  (компиляция исходного файла "../../antlr4-cpp-runtime-4.13.2-source/runtime/src/Parser.cpp")
      C:\Program Files\Microsoft Visual Studio\2022\Community\VC\Tools\MSVC\14.44.35207\include\vcruntime_exception.h(49,35):
       см. объявление "std::exception"
      D:\study\AaSD\antlr\antlr4-cpp-runtime-4.13.2-source\runtime\src\Exceptions.h(73,26):
       см. объявление "antlr4::IOException"
  
  RuntimeMetaData.cpp
D:\study\AaSD\antlr\antlr4-cpp-runtime-4.13.2-source\runtime\src\Exceptions.h(13,57): warning C4275: class "std::exception", не являющийся dll-интерфейсом, использован в качестве базового для dll-интерфейса class "antlr4::RuntimeException"
  (компиляция исходного файла "../../antlr4-cpp-runtime-4.13.2-source/runtime/src/ParserInterpreter.cpp")
      C:\Program Files\Microsoft Visual Studio\2022\Community\VC\Tools\MSVC\14.44.35207\include\vcruntime_exception.h(49,35):
       см. объявление "std::exception"
      D:\study\AaSD\antlr\antlr4-cpp-runtime-4.13.2-source\runtime\src\Exceptions.h(13,26):
       см. объявление "antlr4::RuntimeException"
  
D:\study\AaSD\antlr\antlr4-cpp-runtime-4.13.2-source\runtime\src\Exceptions.h(73,52): warning C4275: class "std::exception", не являющийся dll-интерфейсом, использован в качестве базового для dll-интерфейса class "antlr4::IOException"
  (компиляция исходного файла "../../antlr4-cpp-runtime-4.13.2-source/runtime/src/ParserInterpreter.cpp")
      C:\Program Files\Microsoft Visual Studio\2022\Community\VC\Tools\MSVC\14.44.35207\include\vcruntime_exception.h(49,35):
       см. объявление "std::exception"
      D:\study\AaSD\antlr\antlr4-cpp-runtime-4.13.2-source\runtime\src\Exceptions.h(73,26):
       см. объявление "antlr4::IOException"
  
D:\study\AaSD\antlr\antlr4-cpp-runtime-4.13.2-source\runtime\src\Exceptions.h(13,57): warning C4275: class "std::exception", не являющийся dll-интерфейсом, использован в качестве базового для dll-интерфейса class "antlr4::RuntimeException"
  (компиляция исходного файла "../../antlr4-cpp-runtime-4.13.2-source/runtime/src/Lexer.cpp")
      C:\Program Files\Microsoft Visual Studio\2022\Community\VC\Tools\MSVC\14.44.35207\include\vcruntime_exception.h(49,35):
       см. объявление "std::exception"
      D:\study\AaSD\antlr\antlr4-cpp-runtime-4.13.2-source\runtime\src\Exceptions.h(13,26):
       см. объявление "antlr4::RuntimeException"
  
D:\study\AaSD\antlr\antlr4-cpp-runtime-4.13.2-source\runtime\src\Exceptions.h(73,52): warning C4275: class "std::exception", не являющийся dll-интерфейсом, использован в качестве базового для dll-интерфейса class "antlr4::IOException"
  (компиляция исходного файла "../../antlr4-cpp-runtime-4.13.2-source/runtime/src/Lexer.cpp")
      C:\Program Files\Microsoft Visual Studio\2022\Community\VC\Tools\MSVC\14.44.35207\include\vcruntime_exception.h(49,35):
       см. объявление "std::exception"
      D:\study\AaSD\antlr\antlr4-cpp-runtime-4.13.2-source\runtime\src\Exceptions.h(73,26):
       см. объявление "antlr4::IOException"
  
D:\study\AaSD\antlr\antlr4-cpp-runtime-4.13.2-source\runtime\src\Exceptions.h(13,57): warning C4275: class "std::exception", не являющийся dll-интерфейсом, использован в качестве базового для dll-интерфейса class "antlr4::RuntimeException"
  (компиляция исходного файла "../../antlr4-cpp-runtime-4.13.2-source/runtime/src/ParserRuleContext.cpp")
      C:\Program Files\Microsoft Visual Studio\2022\Community\VC\Tools\MSVC\14.44.35207\include\vcruntime_exception.h(49,35):
       см. объявление "std::exception"
      D:\study\AaSD\antlr\antlr4-cpp-runtime-4.13.2-source\runtime\src\Exceptions.h(13,26):
       см. объявление "antlr4::RuntimeException"
  
D:\study\AaSD\antlr\antlr4-cpp-runtime-4.13.2-source\runtime\src\Exceptions.h(73,52): warning C4275: class "std::exception", не являющийся dll-интерфейсом, использован в качестве базового для dll-интерфейса class "antlr4::IOException"
  (компиляция исходного файла "../../antlr4-cpp-runtime-4.13.2-source/runtime/src/ParserRuleContext.cpp")
      C:\Program Files\Microsoft Visual Studio\2022\Community\VC\Tools\MSVC\14.44.35207\include\vcruntime_exception.h(49,35):
       см. объявление "std::exception"
      D:\study\AaSD\antlr\antlr4-cpp-runtime-4.13.2-source\runtime\src\Exceptions.h(73,26):
       см. объявление "antlr4::IOException"
  
  Token.cpp
D:\study\AaSD\antlr\antlr4-cpp-runtime-4.13.2-source\runtime\src\Exceptions.h(13,57): warning C4275: class "std::exception", не являющийся dll-интерфейсом, использован в качестве базового для dll-интерфейса class "antlr4::RuntimeException"
  (компиляция исходного файла "../../antlr4-cpp-runtime-4.13.2-source/runtime/src/ProxyErrorListener.cpp")
      C:\Program Files\Microsoft Visual Studio\2022\Community\VC\Tools\MSVC\14.44.35207\include\vcruntime_exception.h(49,35):
       см. объявление "std::exception"
      D:\study\AaSD\antlr\antlr4-cpp-runtime-4.13.2-source\runtime\src\Exceptions.h(13,26):
       см. объявление "antlr4::RuntimeException"
  
D:\study\AaSD\antlr\antlr4-cpp-runtime-4.13.2-source\runtime\src\Exceptions.h(73,52): warning C4275: class "std::exception", не являющийся dll-интерфейсом, использован в качестве базового для dll-интерфейса class "antlr4::IOException"
  (компиляция исходного файла "../../antlr4-cpp-runtime-4.13.2-source/runtime/src/ProxyErrorListener.cpp")
      C:\Program Files\Microsoft Visual Studio\2022\Community\VC\Tools\MSVC\14.44.35207\include\vcruntime_exception.h(49,35):
       см. объявление "std::exception"
      D:\study\AaSD\antlr\antlr4-cpp-runtime-4.13.2-source\runtime\src\Exceptions.h(73,26):
       см. объявление "antlr4::IOException"
  
  TokenSource.cpp
  TokenStream.cpp
D:\study\AaSD\antlr\antlr4-cpp-runtime-4.13.2-source\runtime\src\Exceptions.h(13,57): warning C4275: class "std::exception", не являющийся dll-интерфейсом, использован в качестве базового для dll-интерфейса class "antlr4::RuntimeException"
  (компиляция исходного файла "../../antlr4-cpp-runtime-4.13.2-source/runtime/src/RecognitionException.cpp")
      C:\Program Files\Microsoft Visual Studio\2022\Community\VC\Tools\MSVC\14.44.35207\include\vcruntime_exception.h(49,35):
       см. объявление "std::exception"
      D:\study\AaSD\antlr\antlr4-cpp-runtime-4.13.2-source\runtime\src\Exceptions.h(13,26):
       см. объявление "antlr4::RuntimeException"
  
D:\study\AaSD\antlr\antlr4-cpp-runtime-4.13.2-source\runtime\src\Exceptions.h(73,52): warning C4275: class "std::exception", не являющийся dll-интерфейсом, использован в качестве базового для dll-интерфейса class "antlr4::IOException"
  (компиляция исходного файла "../../antlr4-cpp-runtime-4.13.2-source/runtime/src/RecognitionException.cpp")
      C:\Program Files\Microsoft Visual Studio\2022\Community\VC\Tools\MSVC\14.44.35207\include\vcruntime_exception.h(49,35):
       см. объявление "std::exception"
      D:\study\AaSD\antlr\antlr4-cpp-runtime-4.13.2-source\runtime\src\Exceptions.h(73,26):
       см. объявление "antlr4::IOException"
  
  TokenStreamRewriter.cpp
D:\study\AaSD\antlr\antlr4-cpp-runtime-4.13.2-source\runtime\src\Exceptions.h(13,57): warning C4275: class "std::exception", не являющийся dll-интерфейсом, использован в качестве базового для dll-интерфейса class "antlr4::RuntimeException"
  (компиляция исходного файла "../../antlr4-cpp-runtime-4.13.2-source/runtime/src/Recognizer.cpp")
      C:\Program Files\Microsoft Visual Studio\2022\Community\VC\Tools\MSVC\14.44.35207\include\vcruntime_exception.h(49,35):
       см. объявление "std::exception"
      D:\study\AaSD\antlr\antlr4-cpp-runtime-4.13.2-source\runtime\src\Exceptions.h(13,26):
       см. объявление "antlr4::RuntimeException"
  
D:\study\AaSD\antlr\antlr4-cpp-runtime-4.13.2-source\runtime\src\Exceptions.h(73,52): warning C4275: class "std::exception", не являющийся dll-интерфейсом, использован в качестве базового для dll-интерфейса class "antlr4::IOException"
  (компиляция исходного файла "../../antlr4-cpp-runtime-4.13.2-source/runtime/src/Recognizer.cpp")
      C:\Program Files\Microsoft Visual Studio\2022\Community\VC\Tools\MSVC\14.44.35207\include\vcruntime_exception.h(49,35):
       см. объявление "std::exception"
      D:\study\AaSD\antlr\antlr4-cpp-runtime-4.13.2-source\runtime\src\Exceptions.h(73,26):
       см. объявление "antlr4::IOException"
  
  UnbufferedCharStream.cpp
D:\study\AaSD\antlr\antlr4-cpp-runtime-4.13.2-source\runtime\src\Exceptions.h(13,57): warning C4275: class "std::exception", не являющийся dll-интерфейсом, использован в качестве базового для dll-интерфейса class "antlr4::RuntimeException"
  (компиляция исходного файла "../../antlr4-cpp-runtime-4.13.2-source/runtime/src/RuleContext.cpp")
      C:\Program Files\Microsoft Visual Studio\2022\Community\VC\Tools\MSVC\14.44.35207\include\vcruntime_exception.h(49,35):
       см. объявление "std::exception"
      D:\study\AaSD\antlr\antlr4-cpp-runtime-4.13.2-source\runtime\src\Exceptions.h(13,26):
       см. объявление "antlr4::RuntimeException"
  
D:\study\AaSD\antlr\antlr4-cpp-runtime-4.13.2-source\runtime\src\Exceptions.h(73,52): warning C4275: class "std::exception", не являющийся dll-интерфейсом, использован в качестве базового для dll-интерфейса class "antlr4::IOException"
  (компиляция исходного файла "../../antlr4-cpp-runtime-4.13.2-source/runtime/src/RuleContext.cpp")
      C:\Program Files\Microsoft Visual Studio\2022\Community\VC\Tools\MSVC\14.44.35207\include\vcruntime_exception.h(49,35):
       см. объявление "std::exception"
      D:\study\AaSD\antlr\antlr4-cpp-runtime-4.13.2-source\runtime\src\Exceptions.h(73,26):
       см. объявление "antlr4::IOException"
  
  UnbufferedTokenStream.cpp
  Vocabulary.cpp
  WritableToken.cpp
  ATN.cpp
  ATNConfig.cpp
  ATNConfigSet.cpp
  ATNDeserializationOptions.cpp
  ATNDeserializer.cpp
  ATNSimulator.cpp
  ATNState.cpp
D:\study\AaSD\antlr\antlr4-cpp-runtime-4.13.2-source\runtime\src\Exceptions.h(13,57): warning C4275: class "std::exception", не являющийся dll-интерфейсом, использован в качестве базового для dll-интерфейса class "antlr4::RuntimeException"
  (компиляция исходного файла "../../antlr4-cpp-runtime-4.13.2-source/runtime/src/TokenStreamRewriter.cpp")
      C:\Program Files\Microsoft Visual Studio\2022\Community\VC\Tools\MSVC\14.44.35207\include\vcruntime_exception.h(49,35):
       см. объявление "std::exception"
      D:\study\AaSD\antlr\antlr4-cpp-runtime-4.13.2-source\runtime\src\Exceptions.h(13,26):
       см. объявление "antlr4::RuntimeException"
  
D:\study\AaSD\antlr\antlr4-cpp-runtime-4.13.2-source\runtime\src\Exceptions.h(73,52): warning C4275: class "std::exception", не являющийся dll-интерфейсом, использован в качестве базового для dll-интерфейса class "antlr4::IOException"
  (компиляция исходного файла "../../antlr4-cpp-runtime-4.13.2-source/runtime/src/TokenStreamRewriter.cpp")
      C:\Program Files\Microsoft Visual Studio\2022\Community\VC\Tools\MSVC\14.44.35207\include\vcruntime_exception.h(49,35):
       см. объявление "std::exception"
      D:\study\AaSD\antlr\antlr4-cpp-runtime-4.13.2-source\runtime\src\Exceptions.h(73,26):
       см. объявление "antlr4::IOException"
  
D:\study\AaSD\antlr\antlr4-cpp-runtime-4.13.2-source\runtime\src\Exceptions.h(13,57): warning C4275: class "std::exception", не являющийся dll-интерфейсом, использован в качестве базового для dll-интерфейса class "antlr4::RuntimeException"
  (компиляция исходного файла "../../antlr4-cpp-runtime-4.13.2-source/runtime/src/UnbufferedCharStream.cpp")
      C:\Program Files\Microsoft Visual Studio\2022\Community\VC\Tools\MSVC\14.44.35207\include\vcruntime_exception.h(49,35):
       см. объявление "std::exception"
      D:\study\AaSD\antlr\antlr4-cpp-runtime-4.13.2-source\runtime\src\Exceptions.h(13,26):
       см. объявление "antlr4::RuntimeException"
  
  ATNStateType.cpp
D:\study\AaSD\antlr\antlr4-cpp-runtime-4.13.2-source\runtime\src\Exceptions.h(73,52): warning C4275: class "std::exception", не являющийся dll-интерфейсом, использован в качестве базового для dll-интерфейса class "antlr4::IOException"
  (компиляция исходного файла "../../antlr4-cpp-runtime-4.13.2-source/runtime/src/UnbufferedCharStream.cpp")
      C:\Program Files\Microsoft Visual Studio\2022\Community\VC\Tools\MSVC\14.44.35207\include\vcruntime_exception.h(49,35):
       см. объявление "std::exception"
      D:\study\AaSD\antlr\antlr4-cpp-runtime-4.13.2-source\runtime\src\Exceptions.h(73,26):
       см. объявление "antlr4::IOException"
  
  ActionTransition.cpp
  AmbiguityInfo.cpp
  ArrayPredictionContext.cpp
D:\study\AaSD\antlr\antlr4-cpp-runtime-4.13.2-source\runtime\src\Exceptions.h(13,57): warning C4275: class "std::exception", не являющийся dll-интерфейсом, использован в качестве базового для dll-интерфейса class "antlr4::RuntimeException"
  (компиляция исходного файла "../../antlr4-cpp-runtime-4.13.2-source/runtime/src/UnbufferedTokenStream.cpp")
      C:\Program Files\Microsoft Visual Studio\2022\Community\VC\Tools\MSVC\14.44.35207\include\vcruntime_exception.h(49,35):
       см. объявление "std::exception"
      D:\study\AaSD\antlr\antlr4-cpp-runtime-4.13.2-source\runtime\src\Exceptions.h(13,26):
       см. объявление "antlr4::RuntimeException"
  
D:\study\AaSD\antlr\antlr4-cpp-runtime-4.13.2-source\runtime\src\Exceptions.h(73,52): warning C4275: class "std::exception", не являющийся dll-интерфейсом, использован в качестве базового для dll-интерфейса class "antlr4::IOException"
  (компиляция исходного файла "../../antlr4-cpp-runtime-4.13.2-source/runtime/src/UnbufferedTokenStream.cpp")
      C:\Program Files\Microsoft Visual Studio\2022\Community\VC\Tools\MSVC\14.44.35207\include\vcruntime_exception.h(49,35):
       см. объявление "std::exception"
      D:\study\AaSD\antlr\antlr4-cpp-runtime-4.13.2-source\runtime\src\Exceptions.h(73,26):
       см. объявление "antlr4::IOException"
  
D:\study\AaSD\antlr\antlr4-cpp-runtime-4.13.2-source\runtime\src\Vocabulary.cpp(12,30): warning C4996: 'antlr4::dfa::Vocabulary::EMPTY_VOCABULARY': Use the default constructor of Vocabulary instead.
  AtomTransition.cpp
D:\study\AaSD\antlr\antlr4-cpp-runtime-4.13.2-source\runtime\src\Exceptions.h(13,57): warning C4275: class "std::exception", не являющийся dll-интерфейсом, использован в качестве базового для dll-интерфейса class "antlr4::RuntimeException"
  (компиляция исходного файла "../../antlr4-cpp-runtime-4.13.2-source/runtime/src/atn/ATN.cpp")
      C:\Program Files\Microsoft Visual Studio\2022\Community\VC\Tools\MSVC\14.44.35207\include\vcruntime_exception.h(49,35):
       см. объявление "std::exception"
      D:\study\AaSD\antlr\antlr4-cpp-runtime-4.13.2-source\runtime\src\Exceptions.h(13,26):
       см. объявление "antlr4::RuntimeException"
  
D:\study\AaSD\antlr\antlr4-cpp-runtime-4.13.2-source\runtime\src\Exceptions.h(73,52): warning C4275: class "std::exception", не являющийся dll-интерфейсом, использован в качестве базового для dll-интерфейса class "antlr4::IOException"
  (компиляция исходного файла "../../antlr4-cpp-runtime-4.13.2-source/runtime/src/atn/ATN.cpp")
      C:\Program Files\Microsoft Visual Studio\2022\Community\VC\Tools\MSVC\14.44.35207\include\vcruntime_exception.h(49,35):
       см. объявление "std::exception"
      D:\study\AaSD\antlr\antlr4-cpp-runtime-4.13.2-source\runtime\src\Exceptions.h(73,26):
       см. объявление "antlr4::IOException"
  
  ContextSensitivityInfo.cpp
D:\study\AaSD\antlr\antlr4-cpp-runtime-4.13.2-source\runtime\src\Exceptions.h(13,57): warning C4275: class "std::exception", не являющийся dll-интерфейсом, использован в качестве базового для dll-интерфейса class "antlr4::RuntimeException"
  (компиляция исходного файла "../../antlr4-cpp-runtime-4.13.2-source/runtime/src/atn/ATNConfig.cpp")
      C:\Program Files\Microsoft Visual Studio\2022\Community\VC\Tools\MSVC\14.44.35207\include\vcruntime_exception.h(49,35):
       см. объявление "std::exception"
      D:\study\AaSD\antlr\antlr4-cpp-runtime-4.13.2-source\runtime\src\Exceptions.h(13,26):
       см. объявление "antlr4::RuntimeException"
  
D:\study\AaSD\antlr\antlr4-cpp-runtime-4.13.2-source\runtime\src\Exceptions.h(13,57): warning C4275: class "std::exception", не являющийся dll-интерфейсом, использован в качестве базового для dll-интерфейса class "antlr4::RuntimeException"
  (компиляция исходного файла "../../antlr4-cpp-runtime-4.13.2-source/runtime/src/atn/ATNConfigSet.cpp")
      C:\Program Files\Microsoft Visual Studio\2022\Community\VC\Tools\MSVC\14.44.35207\include\vcruntime_exception.h(49,35):
       см. объявление "std::exception"
      D:\study\AaSD\antlr\antlr4-cpp-runtime-4.13.2-source\runtime\src\Exceptions.h(13,26):
       см. объявление "antlr4::RuntimeException"
  
D:\study\AaSD\antlr\antlr4-cpp-runtime-4.13.2-source\runtime\src\Exceptions.h(73,52): warning C4275: class "std::exception", не являющийся dll-интерфейсом, использован в качестве базового для dll-интерфейса class "antlr4::IOException"
  (компиляция исходного файла "../../antlr4-cpp-runtime-4.13.2-source/runtime/src/atn/ATNConfigSet.cpp")
      C:\Program Files\Microsoft Visual Studio\2022\Community\VC\Tools\MSVC\14.44.35207\include\vcruntime_exception.h(49,35):
       см. объявление "std::exception"
      D:\study\AaSD\antlr\antlr4-cpp-runtime-4.13.2-source\runtime\src\Exceptions.h(73,26):
       см. объявление "antlr4::IOException"
  
D:\study\AaSD\antlr\antlr4-cpp-runtime-4.13.2-source\runtime\src\Exceptions.h(73,52): warning C4275: class "std::exception", не являющийся dll-интерфейсом, использован в качестве базового для dll-интерфейса class "antlr4::IOException"
  (компиляция исходного файла "../../antlr4-cpp-runtime-4.13.2-source/runtime/src/atn/ATNConfig.cpp")
      C:\Program Files\Microsoft Visual Studio\2022\Community\VC\Tools\MSVC\14.44.35207\include\vcruntime_exception.h(49,35):
       см. объявление "std::exception"
      D:\study\AaSD\antlr\antlr4-cpp-runtime-4.13.2-source\runtime\src\Exceptions.h(73,26):
       см. объявление "antlr4::IOException"
  
  DecisionEventInfo.cpp
  DecisionInfo.cpp
  DecisionState.cpp
D:\study\AaSD\antlr\antlr4-cpp-runtime-4.13.2-source\runtime\src\Exceptions.h(13,57): warning C4275: class "std::exception", не являющийся dll-интерфейсом, использован в качестве базового для dll-интерфейса class "antlr4::RuntimeException"
  (компиляция исходного файла "../../antlr4-cpp-runtime-4.13.2-source/runtime/src/atn/ATNDeserializer.cpp")
      C:\Program Files\Microsoft Visual Studio\2022\Community\VC\Tools\MSVC\14.44.35207\include\vcruntime_exception.h(49,35):
       см. объявление "std::exception"
      D:\study\AaSD\antlr\antlr4-cpp-runtime-4.13.2-source\runtime\src\Exceptions.h(13,26):
       см. объявление "antlr4::RuntimeException"
  
D:\study\AaSD\antlr\antlr4-cpp-runtime-4.13.2-source\runtime\src\Exceptions.h(73,52): warning C4275: class "std::exception", не являющийся dll-интерфейсом, использован в качестве базового для dll-интерфейса class "antlr4::IOException"
  (компиляция исходного файла "../../antlr4-cpp-runtime-4.13.2-source/runtime/src/atn/ATNDeserializer.cpp")
      C:\Program Files\Microsoft Visual Studio\2022\Community\VC\Tools\MSVC\14.44.35207\include\vcruntime_exception.h(49,35):
       см. объявление "std::exception"
      D:\study\AaSD\antlr\antlr4-cpp-runtime-4.13.2-source\runtime\src\Exceptions.h(73,26):
       см. объявление "antlr4::IOException"
  
D:\study\AaSD\antlr\antlr4-cpp-runtime-4.13.2-source\runtime\src\Exceptions.h(13,57): warning C4275: class "std::exception", не являющийся dll-интерфейсом, использован в качестве базового для dll-интерфейса class "antlr4::RuntimeException"
  (компиляция исходного файла "../../antlr4-cpp-runtime-4.13.2-source/runtime/src/atn/ATNDeserializationOptions.cpp")
      C:\Program Files\Microsoft Visual Studio\2022\Community\VC\Tools\MSVC\14.44.35207\include\vcruntime_exception.h(49,35):
       см. объявление "std::exception"
      D:\study\AaSD\antlr\antlr4-cpp-runtime-4.13.2-source\runtime\src\Exceptions.h(13,26):
       см. объявление "antlr4::RuntimeException"
  
D:\study\AaSD\antlr\antlr4-cpp-runtime-4.13.2-source\runtime\src\Exceptions.h(73,52): warning C4275: class "std::exception", не являющийся dll-интерфейсом, использован в качестве базового для dll-интерфейса class "antlr4::IOException"
  (компиляция исходного файла "../../antlr4-cpp-runtime-4.13.2-source/runtime/src/atn/ATNDeserializationOptions.cpp")
      C:\Program Files\Microsoft Visual Studio\2022\Community\VC\Tools\MSVC\14.44.35207\include\vcruntime_exception.h(49,35):
       см. объявление "std::exception"
      D:\study\AaSD\antlr\antlr4-cpp-runtime-4.13.2-source\runtime\src\Exceptions.h(73,26):
       см. объявление "antlr4::IOException"
  
D:\study\AaSD\antlr\antlr4-cpp-runtime-4.13.2-source\runtime\src\Exceptions.h(13,57): warning C4275: class "std::exception", не являющийся dll-интерфейсом, использован в качестве базового для dll-интерфейса class "antlr4::RuntimeException"
  (компиляция исходного файла "../../antlr4-cpp-runtime-4.13.2-source/runtime/src/atn/ATNSimulator.cpp")
      C:\Program Files\Microsoft Visual Studio\2022\Community\VC\Tools\MSVC\14.44.35207\include\vcruntime_exception.h(49,35):
       см. объявление "std::exception"
      D:\study\AaSD\antlr\antlr4-cpp-runtime-4.13.2-source\runtime\src\Exceptions.h(13,26):
       см. объявление "antlr4::RuntimeException"
  
D:\study\AaSD\antlr\antlr4-cpp-runtime-4.13.2-source\runtime\src\Exceptions.h(73,52): warning C4275: class "std::exception", не являющийся dll-интерфейсом, использован в качестве базового для dll-интерфейса class "antlr4::IOException"
  (компиляция исходного файла "../../antlr4-cpp-runtime-4.13.2-source/runtime/src/atn/ATNSimulator.cpp")
      C:\Program Files\Microsoft Visual Studio\2022\Community\VC\Tools\MSVC\14.44.35207\include\vcruntime_exception.h(49,35):
       см. объявление "std::exception"
      D:\study\AaSD\antlr\antlr4-cpp-runtime-4.13.2-source\runtime\src\Exceptions.h(73,26):
       см. объявление "antlr4::IOException"
  
D:\study\AaSD\antlr\antlr4-cpp-runtime-4.13.2-source\runtime\src\Exceptions.h(13,57): warning C4275: class "std::exception", не являющийся dll-интерфейсом, использован в качестве базового для dll-интерфейса class "antlr4::RuntimeException"
  (компиляция исходного файла "../../antlr4-cpp-runtime-4.13.2-source/runtime/src/atn/ATNState.cpp")
      C:\Program Files\Microsoft Visual Studio\2022\Community\VC\Tools\MSVC\14.44.35207\include\vcruntime_exception.h(49,35):
       см. объявление "std::exception"
      D:\study\AaSD\antlr\antlr4-cpp-runtime-4.13.2-source\runtime\src\Exceptions.h(13,26):
       см. объявление "antlr4::RuntimeException"
  
D:\study\AaSD\antlr\antlr4-cpp-runtime-4.13.2-source\runtime\src\Exceptions.h(73,52): warning C4275: class "std::exception", не являющийся dll-интерфейсом, использован в качестве базового для dll-интерфейса class "antlr4::IOException"
  (компиляция исходного файла "../../antlr4-cpp-runtime-4.13.2-source/runtime/src/atn/ATNState.cpp")
      C:\Program Files\Microsoft Visual Studio\2022\Community\VC\Tools\MSVC\14.44.35207\include\vcruntime_exception.h(49,35):
       см. объявление "std::exception"
      D:\study\AaSD\antlr\antlr4-cpp-runtime-4.13.2-source\runtime\src\Exceptions.h(73,26):
       см. объявление "antlr4::IOException"
  
D:\study\AaSD\antlr\antlr4-cpp-runtime-4.13.2-source\runtime\src\Exceptions.h(13,57): warning C4275: class "std::exception", не являющийся dll-интерфейсом, использован в качестве базового для dll-интерфейса class "antlr4::RuntimeException"
  (компиляция исходного файла "../../antlr4-cpp-runtime-4.13.2-source/runtime/src/atn/ActionTransition.cpp")
      C:\Program Files\Microsoft Visual Studio\2022\Community\VC\Tools\MSVC\14.44.35207\include\vcruntime_exception.h(49,35):
       см. объявление "std::exception"
      D:\study\AaSD\antlr\antlr4-cpp-runtime-4.13.2-source\runtime\src\Exceptions.h(13,26):
       см. объявление "antlr4::RuntimeException"
  
  EpsilonTransition.cpp
D:\study\AaSD\antlr\antlr4-cpp-runtime-4.13.2-source\runtime\src\Exceptions.h(73,52): warning C4275: class "std::exception", не являющийся dll-интерфейсом, использован в качестве базового для dll-интерфейса class "antlr4::IOException"
  (компиляция исходного файла "../../antlr4-cpp-runtime-4.13.2-source/runtime/src/atn/ActionTransition.cpp")
      C:\Program Files\Microsoft Visual Studio\2022\Community\VC\Tools\MSVC\14.44.35207\include\vcruntime_exception.h(49,35):
       см. объявление "std::exception"
      D:\study\AaSD\antlr\antlr4-cpp-runtime-4.13.2-source\runtime\src\Exceptions.h(73,26):
       см. объявление "antlr4::IOException"
  
D:\study\AaSD\antlr\antlr4-cpp-runtime-4.13.2-source\runtime\src\Exceptions.h(13,57): warning C4275: class "std::exception", не являющийся dll-интерфейсом, использован в качестве базового для dll-интерфейса class "antlr4::RuntimeException"
  (компиляция исходного файла "../../antlr4-cpp-runtime-4.13.2-source/runtime/src/atn/ArrayPredictionContext.cpp")
      C:\Program Files\Microsoft Visual Studio\2022\Community\VC\Tools\MSVC\14.44.35207\include\vcruntime_exception.h(49,35):
       см. объявление "std::exception"
      D:\study\AaSD\antlr\antlr4-cpp-runtime-4.13.2-source\runtime\src\Exceptions.h(13,26):
       см. объявление "antlr4::RuntimeException"
  
D:\study\AaSD\antlr\antlr4-cpp-runtime-4.13.2-source\runtime\src\Exceptions.h(73,52): warning C4275: class "std::exception", не являющийся dll-интерфейсом, использован в качестве базового для dll-интерфейса class "antlr4::IOException"
  (компиляция исходного файла "../../antlr4-cpp-runtime-4.13.2-source/runtime/src/atn/ArrayPredictionContext.cpp")
      C:\Program Files\Microsoft Visual Studio\2022\Community\VC\Tools\MSVC\14.44.35207\include\vcruntime_exception.h(49,35):
       см. объявление "std::exception"
      D:\study\AaSD\antlr\antlr4-cpp-runtime-4.13.2-source\runtime\src\Exceptions.h(73,26):
       см. объявление "antlr4::IOException"
  
  ErrorInfo.cpp
  LL1Analyzer.cpp
  LexerATNConfig.cpp
D:\study\AaSD\antlr\antlr4-cpp-runtime-4.13.2-source\runtime\src\Exceptions.h(13,57): warning C4275: class "std::exception", не являющийся dll-интерфейсом, использован в качестве базового для dll-интерфейса class "antlr4::RuntimeException"
  (компиляция исходного файла "../../antlr4-cpp-runtime-4.13.2-source/runtime/src/atn/AtomTransition.cpp")
      C:\Program Files\Microsoft Visual Studio\2022\Community\VC\Tools\MSVC\14.44.35207\include\vcruntime_exception.h(49,35):
       см. объявление "std::exception"
      D:\study\AaSD\antlr\antlr4-cpp-runtime-4.13.2-source\runtime\src\Exceptions.h(13,26):
       см. объявление "antlr4::RuntimeException"
  
D:\study\AaSD\antlr\antlr4-cpp-runtime-4.13.2-source\runtime\src\Exceptions.h(73,52): warning C4275: class "std::exception", не являющийся dll-интерфейсом, использован в качестве базового для dll-интерфейса class "antlr4::IOException"
  (компиляция исходного файла "../../antlr4-cpp-runtime-4.13.2-source/runtime/src/atn/AtomTransition.cpp")
      C:\Program Files\Microsoft Visual Studio\2022\Community\VC\Tools\MSVC\14.44.35207\include\vcruntime_exception.h(49,35):
       см. объявление "std::exception"
      D:\study\AaSD\antlr\antlr4-cpp-runtime-4.13.2-source\runtime\src\Exceptions.h(73,26):
       см. объявление "antlr4::IOException"
  
  LexerATNSimulator.cpp
  LexerAction.cpp
  LexerActionExecutor.cpp
  LexerChannelAction.cpp
D:\study\AaSD\antlr\antlr4-cpp-runtime-4.13.2-source\runtime\src\Exceptions.h(13,57): warning C4275: class "std::exception", не являющийся dll-интерфейсом, использован в качестве базового для dll-интерфейса class "antlr4::RuntimeException"
  (компиляция исходного файла "../../antlr4-cpp-runtime-4.13.2-source/runtime/src/atn/DecisionState.cpp")
      C:\Program Files\Microsoft Visual Studio\2022\Community\VC\Tools\MSVC\14.44.35207\include\vcruntime_exception.h(49,35):
       см. объявление "std::exception"
      D:\study\AaSD\antlr\antlr4-cpp-runtime-4.13.2-source\runtime\src\Exceptions.h(13,26):
       см. объявление "antlr4::RuntimeException"
  
D:\study\AaSD\antlr\antlr4-cpp-runtime-4.13.2-source\runtime\src\Exceptions.h(73,52): warning C4275: class "std::exception", не являющийся dll-интерфейсом, использован в качестве базового для dll-интерфейса class "antlr4::IOException"
  (компиляция исходного файла "../../antlr4-cpp-runtime-4.13.2-source/runtime/src/atn/DecisionState.cpp")
      C:\Program Files\Microsoft Visual Studio\2022\Community\VC\Tools\MSVC\14.44.35207\include\vcruntime_exception.h(49,35):
       см. объявление "std::exception"
      D:\study\AaSD\antlr\antlr4-cpp-runtime-4.13.2-source\runtime\src\Exceptions.h(73,26):
       см. объявление "antlr4::IOException"
  
  LexerCustomAction.cpp
  LexerIndexedCustomAction.cpp
  LexerModeAction.cpp
  LexerMoreAction.cpp
  LexerPopModeAction.cpp
D:\study\AaSD\antlr\antlr4-cpp-runtime-4.13.2-source\runtime\src\Exceptions.h(13,57): warning C4275: class "std::exception", не являющийся dll-интерфейсом, использован в качестве базового для dll-интерфейса class "antlr4::RuntimeException"
  (компиляция исходного файла "../../antlr4-cpp-runtime-4.13.2-source/runtime/src/atn/EpsilonTransition.cpp")
      C:\Program Files\Microsoft Visual Studio\2022\Community\VC\Tools\MSVC\14.44.35207\include\vcruntime_exception.h(49,35):
       см. объявление "std::exception"
      D:\study\AaSD\antlr\antlr4-cpp-runtime-4.13.2-source\runtime\src\Exceptions.h(13,26):
       см. объявление "antlr4::RuntimeException"
  
D:\study\AaSD\antlr\antlr4-cpp-runtime-4.13.2-source\runtime\src\Exceptions.h(73,52): warning C4275: class "std::exception", не являющийся dll-интерфейсом, использован в качестве базового для dll-интерфейса class "antlr4::IOException"
  (компиляция исходного файла "../../antlr4-cpp-runtime-4.13.2-source/runtime/src/atn/EpsilonTransition.cpp")
      C:\Program Files\Microsoft Visual Studio\2022\Community\VC\Tools\MSVC\14.44.35207\include\vcruntime_exception.h(49,35):
       см. объявление "std::exception"
      D:\study\AaSD\antlr\antlr4-cpp-runtime-4.13.2-source\runtime\src\Exceptions.h(73,26):
       см. объявление "antlr4::IOException"
  
  LexerPushModeAction.cpp
  LexerSkipAction.cpp
D:\study\AaSD\antlr\antlr4-cpp-runtime-4.13.2-source\runtime\src\Exceptions.h(13,57): warning C4275: class "std::exception", не являющийся dll-интерфейсом, использован в качестве базового для dll-интерфейса class "antlr4::RuntimeException"
  (компиляция исходного файла "../../antlr4-cpp-runtime-4.13.2-source/runtime/src/atn/ErrorInfo.cpp")
      C:\Program Files\Microsoft Visual Studio\2022\Community\VC\Tools\MSVC\14.44.35207\include\vcruntime_exception.h(49,35):
       см. объявление "std::exception"
      D:\study\AaSD\antlr\antlr4-cpp-runtime-4.13.2-source\runtime\src\Exceptions.h(13,26):
       см. объявление "antlr4::RuntimeException"
  
  LexerTypeAction.cpp
D:\study\AaSD\antlr\antlr4-cpp-runtime-4.13.2-source\runtime\src\Exceptions.h(13,57): warning C4275: class "std::exception", не являющийся dll-интерфейсом, использован в качестве базового для dll-интерфейса class "antlr4::RuntimeException"
  (компиляция исходного файла "../../antlr4-cpp-runtime-4.13.2-source/runtime/src/atn/LL1Analyzer.cpp")
      C:\Program Files\Microsoft Visual Studio\2022\Community\VC\Tools\MSVC\14.44.35207\include\vcruntime_exception.h(49,35):
       см. объявление "std::exception"
      D:\study\AaSD\antlr\antlr4-cpp-runtime-4.13.2-source\runtime\src\Exceptions.h(13,26):
       см. объявление "antlr4::RuntimeException"
  
D:\study\AaSD\antlr\antlr4-cpp-runtime-4.13.2-source\runtime\src\Exceptions.h(73,52): warning C4275: class "std::exception", не являющийся dll-интерфейсом, использован в качестве базового для dll-интерфейса class "antlr4::IOException"
  (компиляция исходного файла "../../antlr4-cpp-runtime-4.13.2-source/runtime/src/atn/ErrorInfo.cpp")
      C:\Program Files\Microsoft Visual Studio\2022\Community\VC\Tools\MSVC\14.44.35207\include\vcruntime_exception.h(49,35):
       см. объявление "std::exception"
      D:\study\AaSD\antlr\antlr4-cpp-runtime-4.13.2-source\runtime\src\Exceptions.h(73,26):
       см. объявление "antlr4::IOException"
  
D:\study\AaSD\antlr\antlr4-cpp-runtime-4.13.2-source\runtime\src\Exceptions.h(73,52): warning C4275: class "std::exception", не являющийся dll-интерфейсом, использован в качестве базового для dll-интерфейса class "antlr4::IOException"
  (компиляция исходного файла "../../antlr4-cpp-runtime-4.13.2-source/runtime/src/atn/LL1Analyzer.cpp")
      C:\Program Files\Microsoft Visual Studio\2022\Community\VC\Tools\MSVC\14.44.35207\include\vcruntime_exception.h(49,35):
       см. объявление "std::exception"
      D:\study\AaSD\antlr\antlr4-cpp-runtime-4.13.2-source\runtime\src\Exceptions.h(73,26):
       см. объявление "antlr4::IOException"
  
D:\study\AaSD\antlr\antlr4-cpp-runtime-4.13.2-source\runtime\src\Exceptions.h(13,57): warning C4275: class "std::exception", не являющийся dll-интерфейсом, использован в качестве базового для dll-интерфейса class "antlr4::RuntimeException"
  (компиляция исходного файла "../../antlr4-cpp-runtime-4.13.2-source/runtime/src/atn/LexerATNConfig.cpp")
      C:\Program Files\Microsoft Visual Studio\2022\Community\VC\Tools\MSVC\14.44.35207\include\vcruntime_exception.h(49,35):
       см. объявление "std::exception"
      D:\study\AaSD\antlr\antlr4-cpp-runtime-4.13.2-source\runtime\src\Exceptions.h(13,26):
       см. объявление "antlr4::RuntimeException"
  
D:\study\AaSD\antlr\antlr4-cpp-runtime-4.13.2-source\runtime\src\Exceptions.h(73,52): warning C4275: class "std::exception", не являющийся dll-интерфейсом, использован в качестве базового для dll-интерфейса class "antlr4::IOException"
  (компиляция исходного файла "../../antlr4-cpp-runtime-4.13.2-source/runtime/src/atn/LexerATNConfig.cpp")
      C:\Program Files\Microsoft Visual Studio\2022\Community\VC\Tools\MSVC\14.44.35207\include\vcruntime_exception.h(49,35):
       см. объявление "std::exception"
      D:\study\AaSD\antlr\antlr4-cpp-runtime-4.13.2-source\runtime\src\Exceptions.h(73,26):
       см. объявление "antlr4::IOException"
  
  LookaheadEventInfo.cpp
D:\study\AaSD\antlr\antlr4-cpp-runtime-4.13.2-source\runtime\src\Exceptions.h(13,57): warning C4275: class "std::exception", не являющийся dll-интерфейсом, использован в качестве базового для dll-интерфейса class "antlr4::RuntimeException"
  (компиляция исходного файла "../../antlr4-cpp-runtime-4.13.2-source/runtime/src/atn/LexerATNSimulator.cpp")
      C:\Program Files\Microsoft Visual Studio\2022\Community\VC\Tools\MSVC\14.44.35207\include\vcruntime_exception.h(49,35):
       см. объявление "std::exception"
      D:\study\AaSD\antlr\antlr4-cpp-runtime-4.13.2-source\runtime\src\Exceptions.h(13,26):
       см. объявление "antlr4::RuntimeException"
  
D:\study\AaSD\antlr\antlr4-cpp-runtime-4.13.2-source\runtime\src\Exceptions.h(73,52): warning C4275: class "std::exception", не являющийся dll-интерфейсом, использован в качестве базового для dll-интерфейса class "antlr4::IOException"
  (компиляция исходного файла "../../antlr4-cpp-runtime-4.13.2-source/runtime/src/atn/LexerATNSimulator.cpp")
      C:\Program Files\Microsoft Visual Studio\2022\Community\VC\Tools\MSVC\14.44.35207\include\vcruntime_exception.h(49,35):
       см. объявление "std::exception"
      D:\study\AaSD\antlr\antlr4-cpp-runtime-4.13.2-source\runtime\src\Exceptions.h(73,26):
       см. объявление "antlr4::IOException"
  
D:\study\AaSD\antlr\antlr4-cpp-runtime-4.13.2-source\runtime\src\Exceptions.h(13,57): warning C4275: class "std::exception", не являющийся dll-интерфейсом, использован в качестве базового для dll-интерфейса class "antlr4::RuntimeException"
  (компиляция исходного файла "../../antlr4-cpp-runtime-4.13.2-source/runtime/src/atn/LexerChannelAction.cpp")
      C:\Program Files\Microsoft Visual Studio\2022\Community\VC\Tools\MSVC\14.44.35207\include\vcruntime_exception.h(49,35):
       см. объявление "std::exception"
      D:\study\AaSD\antlr\antlr4-cpp-runtime-4.13.2-source\runtime\src\Exceptions.h(13,26):
       см. объявление "antlr4::RuntimeException"
  
D:\study\AaSD\antlr\antlr4-cpp-runtime-4.13.2-source\runtime\src\Exceptions.h(73,52): warning C4275: class "std::exception", не являющийся dll-интерфейсом, использован в качестве базового для dll-интерфейса class "antlr4::IOException"
  (компиляция исходного файла "../../antlr4-cpp-runtime-4.13.2-source/runtime/src/atn/LexerChannelAction.cpp")
      C:\Program Files\Microsoft Visual Studio\2022\Community\VC\Tools\MSVC\14.44.35207\include\vcruntime_exception.h(49,35):
       см. объявление "std::exception"
      D:\study\AaSD\antlr\antlr4-cpp-runtime-4.13.2-source\runtime\src\Exceptions.h(73,26):
       см. объявление "antlr4::IOException"
  
D:\study\AaSD\antlr\antlr4-cpp-runtime-4.13.2-source\runtime\src\Exceptions.h(13,57): warning C4275: class "std::exception", не являющийся dll-интерфейсом, использован в качестве базового для dll-интерфейса class "antlr4::RuntimeException"
  (компиляция исходного файла "../../antlr4-cpp-runtime-4.13.2-source/runtime/src/atn/LexerIndexedCustomAction.cpp")
      C:\Program Files\Microsoft Visual Studio\2022\Community\VC\Tools\MSVC\14.44.35207\include\vcruntime_exception.h(49,35):
       см. объявление "std::exception"
      D:\study\AaSD\antlr\antlr4-cpp-runtime-4.13.2-source\runtime\src\Exceptions.h(13,26):
       см. объявление "antlr4::RuntimeException"
  
D:\study\AaSD\antlr\antlr4-cpp-runtime-4.13.2-source\runtime\src\Exceptions.h(73,52): warning C4275: class "std::exception", не являющийся dll-интерфейсом, использован в качестве базового для dll-интерфейса class "antlr4::IOException"
  (компиляция исходного файла "../../antlr4-cpp-runtime-4.13.2-source/runtime/src/atn/LexerIndexedCustomAction.cpp")
      C:\Program Files\Microsoft Visual Studio\2022\Community\VC\Tools\MSVC\14.44.35207\include\vcruntime_exception.h(49,35):
       см. объявление "std::exception"
      D:\study\AaSD\antlr\antlr4-cpp-runtime-4.13.2-source\runtime\src\Exceptions.h(73,26):
       см. объявление "antlr4::IOException"
  
D:\study\AaSD\antlr\antlr4-cpp-runtime-4.13.2-source\runtime\src\Exceptions.h(13,57): warning C4275: class "std::exception", не являющийся dll-интерфейсом, использован в качестве базового для dll-интерфейса class "antlr4::RuntimeException"
  (компиляция исходного файла "../../antlr4-cpp-runtime-4.13.2-source/runtime/src/atn/LexerCustomAction.cpp")
      C:\Program Files\Microsoft Visual Studio\2022\Community\VC\Tools\MSVC\14.44.35207\include\vcruntime_exception.h(49,35):
       см. объявление "std::exception"
      D:\study\AaSD\antlr\antlr4-cpp-runtime-4.13.2-source\runtime\src\Exceptions.h(13,26):
       см. объявление "antlr4::RuntimeException"
  
D:\study\AaSD\antlr\antlr4-cpp-runtime-4.13.2-source\runtime\src\Exceptions.h(73,52): warning C4275: class "std::exception", не являющийся dll-интерфейсом, использован в качестве базового для dll-интерфейса class "antlr4::IOException"
  (компиляция исходного файла "../../antlr4-cpp-runtime-4.13.2-source/runtime/src/atn/LexerCustomAction.cpp")
      C:\Program Files\Microsoft Visual Studio\2022\Community\VC\Tools\MSVC\14.44.35207\include\vcruntime_exception.h(49,35):
       см. объявление "std::exception"
      D:\study\AaSD\antlr\antlr4-cpp-runtime-4.13.2-source\runtime\src\Exceptions.h(73,26):
       см. объявление "antlr4::IOException"
  
D:\study\AaSD\antlr\antlr4-cpp-runtime-4.13.2-source\runtime\src\Exceptions.h(13,57): warning C4275: class "std::exception", не являющийся dll-интерфейсом, использован в качестве базового для dll-интерфейса class "antlr4::RuntimeException"
  (компиляция исходного файла "../../antlr4-cpp-runtime-4.13.2-source/runtime/src/atn/LexerModeAction.cpp")
      C:\Program Files\Microsoft Visual Studio\2022\Community\VC\Tools\MSVC\14.44.35207\include\vcruntime_exception.h(49,35):
       см. объявление "std::exception"
      D:\study\AaSD\antlr\antlr4-cpp-runtime-4.13.2-source\runtime\src\Exceptions.h(13,26):
       см. объявление "antlr4::RuntimeException"
  
D:\study\AaSD\antlr\antlr4-cpp-runtime-4.13.2-source\runtime\src\Exceptions.h(73,52): warning C4275: class "std::exception", не являющийся dll-интерфейсом, использован в качестве базового для dll-интерфейса class "antlr4::IOException"
  (компиляция исходного файла "../../antlr4-cpp-runtime-4.13.2-source/runtime/src/atn/LexerModeAction.cpp")
      C:\Program Files\Microsoft Visual Studio\2022\Community\VC\Tools\MSVC\14.44.35207\include\vcruntime_exception.h(49,35):
       см. объявление "std::exception"
      D:\study\AaSD\antlr\antlr4-cpp-runtime-4.13.2-source\runtime\src\Exceptions.h(73,26):
       см. объявление "antlr4::IOException"
  
  NotSetTransition.cpp
D:\study\AaSD\antlr\antlr4-cpp-runtime-4.13.2-source\runtime\src\Exceptions.h(13,57): warning C4275: class "std::exception", не являющийся dll-интерфейсом, использован в качестве базового для dll-интерфейса class "antlr4::RuntimeException"
  (компиляция исходного файла "../../antlr4-cpp-runtime-4.13.2-source/runtime/src/atn/LexerPopModeAction.cpp")
      C:\Program Files\Microsoft Visual Studio\2022\Community\VC\Tools\MSVC\14.44.35207\include\vcruntime_exception.h(49,35):
       см. объявление "std::exception"
      D:\study\AaSD\antlr\antlr4-cpp-runtime-4.13.2-source\runtime\src\Exceptions.h(13,26):
       см. объявление "antlr4::RuntimeException"
  
D:\study\AaSD\antlr\antlr4-cpp-runtime-4.13.2-source\runtime\src\Exceptions.h(73,52): warning C4275: class "std::exception", не являющийся dll-интерфейсом, использован в качестве базового для dll-интерфейса class "antlr4::IOException"
  (компиляция исходного файла "../../antlr4-cpp-runtime-4.13.2-source/runtime/src/atn/LexerPopModeAction.cpp")
      C:\Program Files\Microsoft Visual Studio\2022\Community\VC\Tools\MSVC\14.44.35207\include\vcruntime_exception.h(49,35):
       см. объявление "std::exception"
      D:\study\AaSD\antlr\antlr4-cpp-runtime-4.13.2-source\runtime\src\Exceptions.h(73,26):
       см. объявление "antlr4::IOException"
  
D:\study\AaSD\antlr\antlr4-cpp-runtime-4.13.2-source\runtime\src\Exceptions.h(13,57): warning C4275: class "std::exception", не являющийся dll-интерфейсом, использован в качестве базового для dll-интерфейса class "antlr4::RuntimeException"
  (компиляция исходного файла "../../antlr4-cpp-runtime-4.13.2-source/runtime/src/atn/LexerMoreAction.cpp")
      C:\Program Files\Microsoft Visual Studio\2022\Community\VC\Tools\MSVC\14.44.35207\include\vcruntime_exception.h(49,35):
       см. объявление "std::exception"
      D:\study\AaSD\antlr\antlr4-cpp-runtime-4.13.2-source\runtime\src\Exceptions.h(13,26):
       см. объявление "antlr4::RuntimeException"
  
D:\study\AaSD\antlr\antlr4-cpp-runtime-4.13.2-source\runtime\src\Exceptions.h(73,52): warning C4275: class "std::exception", не являющийся dll-интерфейсом, использован в качестве базового для dll-интерфейса class "antlr4::IOException"
  (компиляция исходного файла "../../antlr4-cpp-runtime-4.13.2-source/runtime/src/atn/LexerMoreAction.cpp")
      C:\Program Files\Microsoft Visual Studio\2022\Community\VC\Tools\MSVC\14.44.35207\include\vcruntime_exception.h(49,35):
       см. объявление "std::exception"
      D:\study\AaSD\antlr\antlr4-cpp-runtime-4.13.2-source\runtime\src\Exceptions.h(73,26):
       см. объявление "antlr4::IOException"
  
  OrderedATNConfigSet.cpp
  ParseInfo.cpp
D:\study\AaSD\antlr\antlr4-cpp-runtime-4.13.2-source\runtime\src\Exceptions.h(13,57): warning C4275: class "std::exception", не являющийся dll-интерфейсом, использован в качестве базового для dll-интерфейса class "antlr4::RuntimeException"
  (компиляция исходного файла "../../antlr4-cpp-runtime-4.13.2-source/runtime/src/atn/LexerSkipAction.cpp")
      C:\Program Files\Microsoft Visual Studio\2022\Community\VC\Tools\MSVC\14.44.35207\include\vcruntime_exception.h(49,35):
       см. объявление "std::exception"
      D:\study\AaSD\antlr\antlr4-cpp-runtime-4.13.2-source\runtime\src\Exceptions.h(13,26):
       см. объявление "antlr4::RuntimeException"
  
D:\study\AaSD\antlr\antlr4-cpp-runtime-4.13.2-source\runtime\src\Exceptions.h(73,52): warning C4275: class "std::exception", не являющийся dll-интерфейсом, использован в качестве базового для dll-интерфейса class "antlr4::IOException"
  (компиляция исходного файла "../../antlr4-cpp-runtime-4.13.2-source/runtime/src/atn/LexerSkipAction.cpp")
      C:\Program Files\Microsoft Visual Studio\2022\Community\VC\Tools\MSVC\14.44.35207\include\vcruntime_exception.h(49,35):
       см. объявление "std::exception"
      D:\study\AaSD\antlr\antlr4-cpp-runtime-4.13.2-source\runtime\src\Exceptions.h(73,26):
       см. объявление "antlr4::IOException"
  
  ParserATNSimulator.cpp
D:\study\AaSD\antlr\antlr4-cpp-runtime-4.13.2-source\runtime\src\Exceptions.h(13,57): warning C4275: class "std::exception", не являющийся dll-интерфейсом, использован в качестве базового для dll-интерфейса class "antlr4::RuntimeException"
  (компиляция исходного файла "../../antlr4-cpp-runtime-4.13.2-source/runtime/src/atn/LexerPushModeAction.cpp")
      C:\Program Files\Microsoft Visual Studio\2022\Community\VC\Tools\MSVC\14.44.35207\include\vcruntime_exception.h(49,35):
       см. объявление "std::exception"
      D:\study\AaSD\antlr\antlr4-cpp-runtime-4.13.2-source\runtime\src\Exceptions.h(13,26):
       см. объявление "antlr4::RuntimeException"
  
D:\study\AaSD\antlr\antlr4-cpp-runtime-4.13.2-source\runtime\src\Exceptions.h(73,52): warning C4275: class "std::exception", не являющийся dll-интерфейсом, использован в качестве базового для dll-интерфейса class "antlr4::IOException"
  (компиляция исходного файла "../../antlr4-cpp-runtime-4.13.2-source/runtime/src/atn/LexerPushModeAction.cpp")
      C:\Program Files\Microsoft Visual Studio\2022\Community\VC\Tools\MSVC\14.44.35207\include\vcruntime_exception.h(49,35):
       см. объявление "std::exception"
      D:\study\AaSD\antlr\antlr4-cpp-runtime-4.13.2-source\runtime\src\Exceptions.h(73,26):
       см. объявление "antlr4::IOException"
  
  PrecedencePredicateTransition.cpp
  PredicateEvalInfo.cpp
  PredicateTransition.cpp
  PredictionContext.cpp
  PredictionContextCache.cpp
D:\study\AaSD\antlr\antlr4-cpp-runtime-4.13.2-source\runtime\src\Exceptions.h(13,57): warning C4275: class "std::exception", не являющийся dll-интерфейсом, использован в качестве базового для dll-интерфейса class "antlr4::RuntimeException"
  (компиляция исходного файла "../../antlr4-cpp-runtime-4.13.2-source/runtime/src/atn/LexerTypeAction.cpp")
      C:\Program Files\Microsoft Visual Studio\2022\Community\VC\Tools\MSVC\14.44.35207\include\vcruntime_exception.h(49,35):
       см. объявление "std::exception"
      D:\study\AaSD\antlr\antlr4-cpp-runtime-4.13.2-source\runtime\src\Exceptions.h(13,26):
       см. объявление "antlr4::RuntimeException"
  
D:\study\AaSD\antlr\antlr4-cpp-runtime-4.13.2-source\runtime\src\Exceptions.h(73,52): warning C4275: class "std::exception", не являющийся dll-интерфейсом, использован в качестве базового для dll-интерфейса class "antlr4::IOException"
  (компиляция исходного файла "../../antlr4-cpp-runtime-4.13.2-source/runtime/src/atn/LexerTypeAction.cpp")
      C:\Program Files\Microsoft Visual Studio\2022\Community\VC\Tools\MSVC\14.44.35207\include\vcruntime_exception.h(49,35):
       см. объявление "std::exception"
      D:\study\AaSD\antlr\antlr4-cpp-runtime-4.13.2-source\runtime\src\Exceptions.h(73,26):
       см. объявление "antlr4::IOException"
  
  PredictionContextMergeCache.cpp
  PredictionMode.cpp
  ProfilingATNSimulator.cpp
  RangeTransition.cpp
  RuleTransition.cpp
D:\study\AaSD\antlr\antlr4-cpp-runtime-4.13.2-source\runtime\src\Exceptions.h(13,57): warning C4275: class "std::exception", не являющийся dll-интерфейсом, использован в качестве базового для dll-интерфейса class "antlr4::RuntimeException"
  (компиляция исходного файла "../../antlr4-cpp-runtime-4.13.2-source/runtime/src/atn/NotSetTransition.cpp")
      C:\Program Files\Microsoft Visual Studio\2022\Community\VC\Tools\MSVC\14.44.35207\include\vcruntime_exception.h(49,35):
       см. объявление "std::exception"
      D:\study\AaSD\antlr\antlr4-cpp-runtime-4.13.2-source\runtime\src\Exceptions.h(13,26):
       см. объявление "antlr4::RuntimeException"
  
D:\study\AaSD\antlr\antlr4-cpp-runtime-4.13.2-source\runtime\src\Exceptions.h(73,52): warning C4275: class "std::exception", не являющийся dll-интерфейсом, использован в качестве базового для dll-интерфейса class "antlr4::IOException"
  (компиляция исходного файла "../../antlr4-cpp-runtime-4.13.2-source/runtime/src/atn/NotSetTransition.cpp")
      C:\Program Files\Microsoft Visual Studio\2022\Community\VC\Tools\MSVC\14.44.35207\include\vcruntime_exception.h(49,35):
       см. объявление "std::exception"
      D:\study\AaSD\antlr\antlr4-cpp-runtime-4.13.2-source\runtime\src\Exceptions.h(73,26):
       см. объявление "antlr4::IOException"
  
  SemanticContext.cpp
  SetTransition.cpp
D:\study\AaSD\antlr\antlr4-cpp-runtime-4.13.2-source\runtime\src\Exceptions.h(13,57): warning C4275: class "std::exception", не являющийся dll-интерфейсом, использован в качестве базового для dll-интерфейса class "antlr4::RuntimeException"
  (компиляция исходного файла "../../antlr4-cpp-runtime-4.13.2-source/runtime/src/atn/OrderedATNConfigSet.cpp")
      C:\Program Files\Microsoft Visual Studio\2022\Community\VC\Tools\MSVC\14.44.35207\include\vcruntime_exception.h(49,35):
       см. объявление "std::exception"
      D:\study\AaSD\antlr\antlr4-cpp-runtime-4.13.2-source\runtime\src\Exceptions.h(13,26):
       см. объявление "antlr4::RuntimeException"
  
D:\study\AaSD\antlr\antlr4-cpp-runtime-4.13.2-source\runtime\src\Exceptions.h(73,52): warning C4275: class "std::exception", не являющийся dll-интерфейсом, использован в качестве базового для dll-интерфейса class "antlr4::IOException"
  (компиляция исходного файла "../../antlr4-cpp-runtime-4.13.2-source/runtime/src/atn/OrderedATNConfigSet.cpp")
      C:\Program Files\Microsoft Visual Studio\2022\Community\VC\Tools\MSVC\14.44.35207\include\vcruntime_exception.h(49,35):
       см. объявление "std::exception"
      D:\study\AaSD\antlr\antlr4-cpp-runtime-4.13.2-source\runtime\src\Exceptions.h(73,26):
       см. объявление "antlr4::IOException"
  
D:\study\AaSD\antlr\antlr4-cpp-runtime-4.13.2-source\runtime\src\Exceptions.h(13,57): warning C4275: class "std::exception", не являющийся dll-интерфейсом, использован в качестве базового для dll-интерфейса class "antlr4::RuntimeException"
  (компиляция исходного файла "../../antlr4-cpp-runtime-4.13.2-source/runtime/src/atn/ParseInfo.cpp")
      C:\Program Files\Microsoft Visual Studio\2022\Community\VC\Tools\MSVC\14.44.35207\include\vcruntime_exception.h(49,35):
       см. объявление "std::exception"
      D:\study\AaSD\antlr\antlr4-cpp-runtime-4.13.2-source\runtime\src\Exceptions.h(13,26):
       см. объявление "antlr4::RuntimeException"
  
D:\study\AaSD\antlr\antlr4-cpp-runtime-4.13.2-source\runtime\src\Exceptions.h(73,52): warning C4275: class "std::exception", не являющийся dll-интерфейсом, использован в качестве базового для dll-интерфейса class "antlr4::IOException"
  (компиляция исходного файла "../../antlr4-cpp-runtime-4.13.2-source/runtime/src/atn/ParseInfo.cpp")
      C:\Program Files\Microsoft Visual Studio\2022\Community\VC\Tools\MSVC\14.44.35207\include\vcruntime_exception.h(49,35):
       см. объявление "std::exception"
      D:\study\AaSD\antlr\antlr4-cpp-runtime-4.13.2-source\runtime\src\Exceptions.h(73,26):
       см. объявление "antlr4::IOException"
  
D:\study\AaSD\antlr\antlr4-cpp-runtime-4.13.2-source\runtime\src\Exceptions.h(13,57): warning C4275: class "std::exception", не являющийся dll-интерфейсом, использован в качестве базового для dll-интерфейса class "antlr4::RuntimeException"
  (компиляция исходного файла "../../antlr4-cpp-runtime-4.13.2-source/runtime/src/atn/ParserATNSimulator.cpp")
      C:\Program Files\Microsoft Visual Studio\2022\Community\VC\Tools\MSVC\14.44.35207\include\vcruntime_exception.h(49,35):
       см. объявление "std::exception"
      D:\study\AaSD\antlr\antlr4-cpp-runtime-4.13.2-source\runtime\src\Exceptions.h(13,26):
       см. объявление "antlr4::RuntimeException"
  
D:\study\AaSD\antlr\antlr4-cpp-runtime-4.13.2-source\runtime\src\Exceptions.h(73,52): warning C4275: class "std::exception", не являющийся dll-интерфейсом, использован в качестве базового для dll-интерфейса class "antlr4::IOException"
  (компиляция исходного файла "../../antlr4-cpp-runtime-4.13.2-source/runtime/src/atn/ParserATNSimulator.cpp")
      C:\Program Files\Microsoft Visual Studio\2022\Community\VC\Tools\MSVC\14.44.35207\include\vcruntime_exception.h(49,35):
       см. объявление "std::exception"
      D:\study\AaSD\antlr\antlr4-cpp-runtime-4.13.2-source\runtime\src\Exceptions.h(73,26):
       см. объявление "antlr4::IOException"
  
D:\study\AaSD\antlr\antlr4-cpp-runtime-4.13.2-source\runtime\src\Exceptions.h(13,57): warning C4275: class "std::exception", не являющийся dll-интерфейсом, использован в качестве базового для dll-интерфейса class "antlr4::RuntimeException"
  (компиляция исходного файла "../../antlr4-cpp-runtime-4.13.2-source/runtime/src/atn/PredicateEvalInfo.cpp")
      C:\Program Files\Microsoft Visual Studio\2022\Community\VC\Tools\MSVC\14.44.35207\include\vcruntime_exception.h(49,35):
       см. объявление "std::exception"
      D:\study\AaSD\antlr\antlr4-cpp-runtime-4.13.2-source\runtime\src\Exceptions.h(13,26):
       см. объявление "antlr4::RuntimeException"
  
D:\study\AaSD\antlr\antlr4-cpp-runtime-4.13.2-source\runtime\src\Exceptions.h(73,52): warning C4275: class "std::exception", не являющийся dll-интерфейсом, использован в качестве базового для dll-интерфейса class "antlr4::IOException"
  (компиляция исходного файла "../../antlr4-cpp-runtime-4.13.2-source/runtime/src/atn/PredicateEvalInfo.cpp")
      C:\Program Files\Microsoft Visual Studio\2022\Community\VC\Tools\MSVC\14.44.35207\include\vcruntime_exception.h(49,35):
       см. объявление "std::exception"
      D:\study\AaSD\antlr\antlr4-cpp-runtime-4.13.2-source\runtime\src\Exceptions.h(73,26):
       см. объявление "antlr4::IOException"
  
D:\study\AaSD\antlr\antlr4-cpp-runtime-4.13.2-source\runtime\src\Exceptions.h(13,57): warning C4275: class "std::exception", не являющийся dll-интерфейсом, использован в качестве базового для dll-интерфейса class "antlr4::RuntimeException"
  (компиляция исходного файла "../../antlr4-cpp-runtime-4.13.2-source/runtime/src/atn/PredicateTransition.cpp")
      C:\Program Files\Microsoft Visual Studio\2022\Community\VC\Tools\MSVC\14.44.35207\include\vcruntime_exception.h(49,35):
       см. объявление "std::exception"
      D:\study\AaSD\antlr\antlr4-cpp-runtime-4.13.2-source\runtime\src\Exceptions.h(13,26):
       см. объявление "antlr4::RuntimeException"
  
D:\study\AaSD\antlr\antlr4-cpp-runtime-4.13.2-source\runtime\src\Exceptions.h(73,52): warning C4275: class "std::exception", не являющийся dll-интерфейсом, использован в качестве базового для dll-интерфейса class "antlr4::IOException"
  (компиляция исходного файла "../../antlr4-cpp-runtime-4.13.2-source/runtime/src/atn/PredicateTransition.cpp")
      C:\Program Files\Microsoft Visual Studio\2022\Community\VC\Tools\MSVC\14.44.35207\include\vcruntime_exception.h(49,35):
       см. объявление "std::exception"
      D:\study\AaSD\antlr\antlr4-cpp-runtime-4.13.2-source\runtime\src\Exceptions.h(73,26):
       см. объявление "antlr4::IOException"
  
D:\study\AaSD\antlr\antlr4-cpp-runtime-4.13.2-source\runtime\src\Exceptions.h(13,57): warning C4275: class "std::exception", не являющийся dll-интерфейсом, использован в качестве базового для dll-интерфейса class "antlr4::RuntimeException"
  (компиляция исходного файла "../../antlr4-cpp-runtime-4.13.2-source/runtime/src/atn/PrecedencePredicateTransition.cpp")
      C:\Program Files\Microsoft Visual Studio\2022\Community\VC\Tools\MSVC\14.44.35207\include\vcruntime_exception.h(49,35):
       см. объявление "std::exception"
      D:\study\AaSD\antlr\antlr4-cpp-runtime-4.13.2-source\runtime\src\Exceptions.h(13,26):
       см. объявление "antlr4::RuntimeException"
  
  SingletonPredictionContext.cpp
D:\study\AaSD\antlr\antlr4-cpp-runtime-4.13.2-source\runtime\src\Exceptions.h(73,52): warning C4275: class "std::exception", не являющийся dll-интерфейсом, использован в качестве базового для dll-интерфейса class "antlr4::IOException"
  (компиляция исходного файла "../../antlr4-cpp-runtime-4.13.2-source/runtime/src/atn/PrecedencePredicateTransition.cpp")
      C:\Program Files\Microsoft Visual Studio\2022\Community\VC\Tools\MSVC\14.44.35207\include\vcruntime_exception.h(49,35):
       см. объявление "std::exception"
      D:\study\AaSD\antlr\antlr4-cpp-runtime-4.13.2-source\runtime\src\Exceptions.h(73,26):
       см. объявление "antlr4::IOException"
  
D:\study\AaSD\antlr\antlr4-cpp-runtime-4.13.2-source\runtime\src\Exceptions.h(13,57): warning C4275: class "std::exception", не являющийся dll-интерфейсом, использован в качестве базового для dll-интерфейса class "antlr4::RuntimeException"
  (компиляция исходного файла "../../antlr4-cpp-runtime-4.13.2-source/runtime/src/atn/PredictionContextCache.cpp")
      C:\Program Files\Microsoft Visual Studio\2022\Community\VC\Tools\MSVC\14.44.35207\include\vcruntime_exception.h(49,35):
       см. объявление "std::exception"
      D:\study\AaSD\antlr\antlr4-cpp-runtime-4.13.2-source\runtime\src\Exceptions.h(13,26):
       см. объявление "antlr4::RuntimeException"
  
D:\study\AaSD\antlr\antlr4-cpp-runtime-4.13.2-source\runtime\src\Exceptions.h(73,52): warning C4275: class "std::exception", не являющийся dll-интерфейсом, использован в качестве базового для dll-интерфейса class "antlr4::IOException"
  (компиляция исходного файла "../../antlr4-cpp-runtime-4.13.2-source/runtime/src/atn/PredictionContextCache.cpp")
      C:\Program Files\Microsoft Visual Studio\2022\Community\VC\Tools\MSVC\14.44.35207\include\vcruntime_exception.h(49,35):
       см. объявление "std::exception"
      D:\study\AaSD\antlr\antlr4-cpp-runtime-4.13.2-source\runtime\src\Exceptions.h(73,26):
       см. объявление "antlr4::IOException"
  
D:\study\AaSD\antlr\antlr4-cpp-runtime-4.13.2-source\runtime\src\Exceptions.h(13,57): warning C4275: class "std::exception", не являющийся dll-интерфейсом, использован в качестве базового для dll-интерфейса class "antlr4::RuntimeException"
  (компиляция исходного файла "../../antlr4-cpp-runtime-4.13.2-source/runtime/src/atn/PredictionContext.cpp")
      C:\Program Files\Microsoft Visual Studio\2022\Community\VC\Tools\MSVC\14.44.35207\include\vcruntime_exception.h(49,35):
       см. объявление "std::exception"
      D:\study\AaSD\antlr\antlr4-cpp-runtime-4.13.2-source\runtime\src\Exceptions.h(13,26):
       см. объявление "antlr4::RuntimeException"
  
D:\study\AaSD\antlr\antlr4-cpp-runtime-4.13.2-source\runtime\src\Exceptions.h(73,52): warning C4275: class "std::exception", не являющийся dll-интерфейсом, использован в качестве базового для dll-интерфейса class "antlr4::IOException"
  (компиляция исходного файла "../../antlr4-cpp-runtime-4.13.2-source/runtime/src/atn/PredictionContext.cpp")
      C:\Program Files\Microsoft Visual Studio\2022\Community\VC\Tools\MSVC\14.44.35207\include\vcruntime_exception.h(49,35):
       см. объявление "std::exception"
      D:\study\AaSD\antlr\antlr4-cpp-runtime-4.13.2-source\runtime\src\Exceptions.h(73,26):
       см. объявление "antlr4::IOException"
  
D:\study\AaSD\antlr\antlr4-cpp-runtime-4.13.2-source\runtime\src\Exceptions.h(13,57): warning C4275: class "std::exception", не являющийся dll-интерфейсом, использован в качестве базового для dll-интерфейса class "antlr4::RuntimeException"
  (компиляция исходного файла "../../antlr4-cpp-runtime-4.13.2-source/runtime/src/atn/PredictionMode.cpp")
      C:\Program Files\Microsoft Visual Studio\2022\Community\VC\Tools\MSVC\14.44.35207\include\vcruntime_exception.h(49,35):
       см. объявление "std::exception"
      D:\study\AaSD\antlr\antlr4-cpp-runtime-4.13.2-source\runtime\src\Exceptions.h(13,26):
       см. объявление "antlr4::RuntimeException"
  
D:\study\AaSD\antlr\antlr4-cpp-runtime-4.13.2-source\runtime\src\Exceptions.h(73,52): warning C4275: class "std::exception", не являющийся dll-интерфейсом, использован в качестве базового для dll-интерфейса class "antlr4::IOException"
  (компиляция исходного файла "../../antlr4-cpp-runtime-4.13.2-source/runtime/src/atn/PredictionMode.cpp")
      C:\Program Files\Microsoft Visual Studio\2022\Community\VC\Tools\MSVC\14.44.35207\include\vcruntime_exception.h(49,35):
       см. объявление "std::exception"
      D:\study\AaSD\antlr\antlr4-cpp-runtime-4.13.2-source\runtime\src\Exceptions.h(73,26):
       см. объявление "antlr4::IOException"
  
D:\study\AaSD\antlr\antlr4-cpp-runtime-4.13.2-source\runtime\src\Exceptions.h(13,57): warning C4275: class "std::exception", не являющийся dll-интерфейсом, использован в качестве базового для dll-интерфейса class "antlr4::RuntimeException"
  (компиляция исходного файла "../../antlr4-cpp-runtime-4.13.2-source/runtime/src/atn/PredictionContextMergeCache.cpp")
      C:\Program Files\Microsoft Visual Studio\2022\Community\VC\Tools\MSVC\14.44.35207\include\vcruntime_exception.h(49,35):
       см. объявление "std::exception"
      D:\study\AaSD\antlr\antlr4-cpp-runtime-4.13.2-source\runtime\src\Exceptions.h(13,26):
       см. объявление "antlr4::RuntimeException"
  
D:\study\AaSD\antlr\antlr4-cpp-runtime-4.13.2-source\runtime\src\Exceptions.h(73,52): warning C4275: class "std::exception", не являющийся dll-интерфейсом, использован в качестве базового для dll-интерфейса class "antlr4::IOException"
  (компиляция исходного файла "../../antlr4-cpp-runtime-4.13.2-source/runtime/src/atn/PredictionContextMergeCache.cpp")
      C:\Program Files\Microsoft Visual Studio\2022\Community\VC\Tools\MSVC\14.44.35207\include\vcruntime_exception.h(49,35):
       см. объявление "std::exception"
      D:\study\AaSD\antlr\antlr4-cpp-runtime-4.13.2-source\runtime\src\Exceptions.h(73,26):
       см. объявление "antlr4::IOException"
  
D:\study\AaSD\antlr\antlr4-cpp-runtime-4.13.2-source\runtime\src\Exceptions.h(13,57): warning C4275: class "std::exception", не являющийся dll-интерфейсом, использован в качестве базового для dll-интерфейса class "antlr4::RuntimeException"
  (компиляция исходного файла "../../antlr4-cpp-runtime-4.13.2-source/runtime/src/atn/RangeTransition.cpp")
      C:\Program Files\Microsoft Visual Studio\2022\Community\VC\Tools\MSVC\14.44.35207\include\vcruntime_exception.h(49,35):
       см. объявление "std::exception"
      D:\study\AaSD\antlr\antlr4-cpp-runtime-4.13.2-source\runtime\src\Exceptions.h(13,26):
       см. объявление "antlr4::RuntimeException"
  
D:\study\AaSD\antlr\antlr4-cpp-runtime-4.13.2-source\runtime\src\Exceptions.h(13,57): warning C4275: class "std::exception", не являющийся dll-интерфейсом, использован в качестве базового для dll-интерфейса class "antlr4::RuntimeException"
  (компиляция исходного файла "../../antlr4-cpp-runtime-4.13.2-source/runtime/src/atn/ProfilingATNSimulator.cpp")
      C:\Program Files\Microsoft Visual Studio\2022\Community\VC\Tools\MSVC\14.44.35207\include\vcruntime_exception.h(49,35):
       см. объявление "std::exception"
      D:\study\AaSD\antlr\antlr4-cpp-runtime-4.13.2-source\runtime\src\Exceptions.h(13,26):
       см. объявление "antlr4::RuntimeException"
  
D:\study\AaSD\antlr\antlr4-cpp-runtime-4.13.2-source\runtime\src\Exceptions.h(73,52): warning C4275: class "std::exception", не являющийся dll-интерфейсом, использован в качестве базового для dll-интерфейса class "antlr4::IOException"
  (компиляция исходного файла "../../antlr4-cpp-runtime-4.13.2-source/runtime/src/atn/ProfilingATNSimulator.cpp")
      C:\Program Files\Microsoft Visual Studio\2022\Community\VC\Tools\MSVC\14.44.35207\include\vcruntime_exception.h(49,35):
       см. объявление "std::exception"
      D:\study\AaSD\antlr\antlr4-cpp-runtime-4.13.2-source\runtime\src\Exceptions.h(73,26):
       см. объявление "antlr4::IOException"
  
D:\study\AaSD\antlr\antlr4-cpp-runtime-4.13.2-source\runtime\src\Exceptions.h(73,52): warning C4275: class "std::exception", не являющийся dll-интерфейсом, использован в качестве базового для dll-интерфейса class "antlr4::IOException"
  (компиляция исходного файла "../../antlr4-cpp-runtime-4.13.2-source/runtime/src/atn/RangeTransition.cpp")
      C:\Program Files\Microsoft Visual Studio\2022\Community\VC\Tools\MSVC\14.44.35207\include\vcruntime_exception.h(49,35):
       см. объявление "std::exception"
      D:\study\AaSD\antlr\antlr4-cpp-runtime-4.13.2-source\runtime\src\Exceptions.h(73,26):
       см. объявление "antlr4::IOException"
  
  StarLoopbackState.cpp
  Transition.cpp
D:\study\AaSD\antlr\antlr4-cpp-runtime-4.13.2-source\runtime\src\Exceptions.h(13,57): warning C4275: class "std::exception", не являющийся dll-интерфейсом, использован в качестве базового для dll-интерфейса class "antlr4::RuntimeException"
  (компиляция исходного файла "../../antlr4-cpp-runtime-4.13.2-source/runtime/src/atn/RuleTransition.cpp")
      C:\Program Files\Microsoft Visual Studio\2022\Community\VC\Tools\MSVC\14.44.35207\include\vcruntime_exception.h(49,35):
       см. объявление "std::exception"
      D:\study\AaSD\antlr\antlr4-cpp-runtime-4.13.2-source\runtime\src\Exceptions.h(13,26):
       см. объявление "antlr4::RuntimeException"
  
  TransitionType.cpp
D:\study\AaSD\antlr\antlr4-cpp-runtime-4.13.2-source\runtime\src\Exceptions.h(73,52): warning C4275: class "std::exception", не являющийся dll-интерфейсом, использован в качестве базового для dll-интерфейса class "antlr4::IOException"
  (компиляция исходного файла "../../antlr4-cpp-runtime-4.13.2-source/runtime/src/atn/RuleTransition.cpp")
      C:\Program Files\Microsoft Visual Studio\2022\Community\VC\Tools\MSVC\14.44.35207\include\vcruntime_exception.h(49,35):
       см. объявление "std::exception"
      D:\study\AaSD\antlr\antlr4-cpp-runtime-4.13.2-source\runtime\src\Exceptions.h(73,26):
       см. объявление "antlr4::IOException"
  
  WildcardTransition.cpp
D:\study\AaSD\antlr\antlr4-cpp-runtime-4.13.2-source\runtime\src\Exceptions.h(13,57): warning C4275: class "std::exception", не являющийся dll-интерфейсом, использован в качестве базового для dll-интерфейса class "antlr4::RuntimeException"
  (компиляция исходного файла "../../antlr4-cpp-runtime-4.13.2-source/runtime/src/atn/SemanticContext.cpp")
      C:\Program Files\Microsoft Visual Studio\2022\Community\VC\Tools\MSVC\14.44.35207\include\vcruntime_exception.h(49,35):
       см. объявление "std::exception"
      D:\study\AaSD\antlr\antlr4-cpp-runtime-4.13.2-source\runtime\src\Exceptions.h(13,26):
       см. объявление "antlr4::RuntimeException"
  
  DFA.cpp
D:\study\AaSD\antlr\antlr4-cpp-runtime-4.13.2-source\runtime\src\Exceptions.h(73,52): warning C4275: class "std::exception", не являющийся dll-интерфейсом, использован в качестве базового для dll-интерфейса class "antlr4::IOException"
  (компиляция исходного файла "../../antlr4-cpp-runtime-4.13.2-source/runtime/src/atn/SemanticContext.cpp")
      C:\Program Files\Microsoft Visual Studio\2022\Community\VC\Tools\MSVC\14.44.35207\include\vcruntime_exception.h(49,35):
       см. объявление "std::exception"
      D:\study\AaSD\antlr\antlr4-cpp-runtime-4.13.2-source\runtime\src\Exceptions.h(73,26):
       см. объявление "antlr4::IOException"
  
D:\study\AaSD\antlr\antlr4-cpp-runtime-4.13.2-source\runtime\src\Exceptions.h(13,57): warning C4275: class "std::exception", не являющийся dll-интерфейсом, использован в качестве базового для dll-интерфейса class "antlr4::RuntimeException"
  (компиляция исходного файла "../../antlr4-cpp-runtime-4.13.2-source/runtime/src/atn/SetTransition.cpp")
      C:\Program Files\Microsoft Visual Studio\2022\Community\VC\Tools\MSVC\14.44.35207\include\vcruntime_exception.h(49,35):
       см. объявление "std::exception"
      D:\study\AaSD\antlr\antlr4-cpp-runtime-4.13.2-source\runtime\src\Exceptions.h(13,26):
       см. объявление "antlr4::RuntimeException"
  
D:\study\AaSD\antlr\antlr4-cpp-runtime-4.13.2-source\runtime\src\Exceptions.h(73,52): warning C4275: class "std::exception", не являющийся dll-интерфейсом, использован в качестве базового для dll-интерфейса class "antlr4::IOException"
  (компиляция исходного файла "../../antlr4-cpp-runtime-4.13.2-source/runtime/src/atn/SetTransition.cpp")
      C:\Program Files\Microsoft Visual Studio\2022\Community\VC\Tools\MSVC\14.44.35207\include\vcruntime_exception.h(49,35):
       см. объявление "std::exception"
      D:\study\AaSD\antlr\antlr4-cpp-runtime-4.13.2-source\runtime\src\Exceptions.h(73,26):
       см. объявление "antlr4::IOException"
  
  DFASerializer.cpp
  DFAState.cpp
  LexerDFASerializer.cpp
  Synchronization.cpp
D:\study\AaSD\antlr\antlr4-cpp-runtime-4.13.2-source\runtime\src\Exceptions.h(13,57): warning C4275: class "std::exception", не являющийся dll-интерфейсом, использован в качестве базового для dll-интерфейса class "antlr4::RuntimeException"
  (компиляция исходного файла "../../antlr4-cpp-runtime-4.13.2-source/runtime/src/atn/SingletonPredictionContext.cpp")
      C:\Program Files\Microsoft Visual Studio\2022\Community\VC\Tools\MSVC\14.44.35207\include\vcruntime_exception.h(49,35):
       см. объявление "std::exception"
      D:\study\AaSD\antlr\antlr4-cpp-runtime-4.13.2-source\runtime\src\Exceptions.h(13,26):
       см. объявление "antlr4::RuntimeException"
  
  InterpreterDataReader.cpp
D:\study\AaSD\antlr\antlr4-cpp-runtime-4.13.2-source\runtime\src\Exceptions.h(73,52): warning C4275: class "std::exception", не являющийся dll-интерфейсом, использован в качестве базового для dll-интерфейса class "antlr4::IOException"
  (компиляция исходного файла "../../antlr4-cpp-runtime-4.13.2-source/runtime/src/atn/SingletonPredictionContext.cpp")
      C:\Program Files\Microsoft Visual Studio\2022\Community\VC\Tools\MSVC\14.44.35207\include\vcruntime_exception.h(49,35):
       см. объявление "std::exception"
      D:\study\AaSD\antlr\antlr4-cpp-runtime-4.13.2-source\runtime\src\Exceptions.h(73,26):
       см. объявление "antlr4::IOException"
  
  Interval.cpp
D:\study\AaSD\antlr\antlr4-cpp-runtime-4.13.2-source\runtime\src\Exceptions.h(13,57): warning C4275: class "std::exception", не являющийся dll-интерфейсом, использован в качестве базового для dll-интерфейса class "antlr4::RuntimeException"
  (компиляция исходного файла "../../antlr4-cpp-runtime-4.13.2-source/runtime/src/atn/StarLoopbackState.cpp")
      C:\Program Files\Microsoft Visual Studio\2022\Community\VC\Tools\MSVC\14.44.35207\include\vcruntime_exception.h(49,35):
       см. объявление "std::exception"
      D:\study\AaSD\antlr\antlr4-cpp-runtime-4.13.2-source\runtime\src\Exceptions.h(13,26):
       см. объявление "antlr4::RuntimeException"
  
D:\study\AaSD\antlr\antlr4-cpp-runtime-4.13.2-source\runtime\src\Exceptions.h(73,52): warning C4275: class "std::exception", не являющийся dll-интерфейсом, использован в качестве базового для dll-интерфейса class "antlr4::IOException"
  (компиляция исходного файла "../../antlr4-cpp-runtime-4.13.2-source/runtime/src/atn/StarLoopbackState.cpp")
      C:\Program Files\Microsoft Visual Studio\2022\Community\VC\Tools\MSVC\14.44.35207\include\vcruntime_exception.h(49,35):
       см. объявление "std::exception"
      D:\study\AaSD\antlr\antlr4-cpp-runtime-4.13.2-source\runtime\src\Exceptions.h(73,26):
       см. объявление "antlr4::IOException"
  
  IntervalSet.cpp
D:\study\AaSD\antlr\antlr4-cpp-runtime-4.13.2-source\runtime\src\Exceptions.h(13,57): warning C4275: class "std::exception", не являющийся dll-интерфейсом, использован в качестве базового для dll-интерфейса class "antlr4::RuntimeException"
  (компиляция исходного файла "../../antlr4-cpp-runtime-4.13.2-source/runtime/src/atn/Transition.cpp")
      C:\Program Files\Microsoft Visual Studio\2022\Community\VC\Tools\MSVC\14.44.35207\include\vcruntime_exception.h(49,35):
       см. объявление "std::exception"
      D:\study\AaSD\antlr\antlr4-cpp-runtime-4.13.2-source\runtime\src\Exceptions.h(13,26):
       см. объявление "antlr4::RuntimeException"
  
  MurmurHash.cpp
D:\study\AaSD\antlr\antlr4-cpp-runtime-4.13.2-source\runtime\src\Exceptions.h(73,52): warning C4275: class "std::exception", не являющийся dll-интерфейсом, использован в качестве базового для dll-интерфейса class "antlr4::IOException"
  (компиляция исходного файла "../../antlr4-cpp-runtime-4.13.2-source/runtime/src/atn/Transition.cpp")
      C:\Program Files\Microsoft Visual Studio\2022\Community\VC\Tools\MSVC\14.44.35207\include\vcruntime_exception.h(49,35):
       см. объявление "std::exception"
      D:\study\AaSD\antlr\antlr4-cpp-runtime-4.13.2-source\runtime\src\Exceptions.h(73,26):
       см. объявление "antlr4::IOException"
  
D:\study\AaSD\antlr\antlr4-cpp-runtime-4.13.2-source\runtime\src\Exceptions.h(13,57): warning C4275: class "std::exception", не являющийся dll-интерфейсом, использован в качестве базового для dll-интерфейса class "antlr4::RuntimeException"
  (компиляция исходного файла "../../antlr4-cpp-runtime-4.13.2-source/runtime/src/atn/WildcardTransition.cpp")
      C:\Program Files\Microsoft Visual Studio\2022\Community\VC\Tools\MSVC\14.44.35207\include\vcruntime_exception.h(49,35):
       см. объявление "std::exception"
      D:\study\AaSD\antlr\antlr4-cpp-runtime-4.13.2-source\runtime\src\Exceptions.h(13,26):
       см. объявление "antlr4::RuntimeException"
  
D:\study\AaSD\antlr\antlr4-cpp-runtime-4.13.2-source\runtime\src\Exceptions.h(73,52): warning C4275: class "std::exception", не являющийся dll-интерфейсом, использован в качестве базового для dll-интерфейса class "antlr4::IOException"
  (компиляция исходного файла "../../antlr4-cpp-runtime-4.13.2-source/runtime/src/atn/WildcardTransition.cpp")
      C:\Program Files\Microsoft Visual Studio\2022\Community\VC\Tools\MSVC\14.44.35207\include\vcruntime_exception.h(49,35):
       см. объявление "std::exception"
      D:\study\AaSD\antlr\antlr4-cpp-runtime-4.13.2-source\runtime\src\Exceptions.h(73,26):
       см. объявление "antlr4::IOException"
  
  Predicate.cpp
  Any.cpp
D:\study\AaSD\antlr\antlr4-cpp-runtime-4.13.2-source\runtime\src\Exceptions.h(13,57): warning C4275: class "std::exception", не являющийся dll-интерфейсом, использован в качестве базового для dll-интерфейса class "antlr4::RuntimeException"
  (компиляция исходного файла "../../antlr4-cpp-runtime-4.13.2-source/runtime/src/dfa/DFA.cpp")
      C:\Program Files\Microsoft Visual Studio\2022\Community\VC\Tools\MSVC\14.44.35207\include\vcruntime_exception.h(49,35):
       см. объявление "std::exception"
      D:\study\AaSD\antlr\antlr4-cpp-runtime-4.13.2-source\runtime\src\Exceptions.h(13,26):
       см. объявление "antlr4::RuntimeException"
  
D:\study\AaSD\antlr\antlr4-cpp-runtime-4.13.2-source\runtime\src\Exceptions.h(73,52): warning C4275: class "std::exception", не являющийся dll-интерфейсом, использован в качестве базового для dll-интерфейса class "antlr4::IOException"
  (компиляция исходного файла "../../antlr4-cpp-runtime-4.13.2-source/runtime/src/dfa/DFA.cpp")
      C:\Program Files\Microsoft Visual Studio\2022\Community\VC\Tools\MSVC\14.44.35207\include\vcruntime_exception.h(49,35):
       см. объявление "std::exception"
      D:\study\AaSD\antlr\antlr4-cpp-runtime-4.13.2-source\runtime\src\Exceptions.h(73,26):
       см. объявление "antlr4::IOException"
  
D:\study\AaSD\antlr\antlr4-cpp-runtime-4.13.2-source\runtime\src\Exceptions.h(13,57): warning C4275: class "std::exception", не являющийся dll-интерфейсом, использован в качестве базового для dll-интерфейса class "antlr4::RuntimeException"
  (компиляция исходного файла "../../antlr4-cpp-runtime-4.13.2-source/runtime/src/dfa/DFASerializer.cpp")
      C:\Program Files\Microsoft Visual Studio\2022\Community\VC\Tools\MSVC\14.44.35207\include\vcruntime_exception.h(49,35):
       см. объявление "std::exception"
      D:\study\AaSD\antlr\antlr4-cpp-runtime-4.13.2-source\runtime\src\Exceptions.h(13,26):
       см. объявление "antlr4::RuntimeException"
  
  Arrays.cpp
D:\study\AaSD\antlr\antlr4-cpp-runtime-4.13.2-source\runtime\src\Exceptions.h(73,52): warning C4275: class "std::exception", не являющийся dll-интерфейсом, использован в качестве базового для dll-интерфейса class "antlr4::IOException"
  (компиляция исходного файла "../../antlr4-cpp-runtime-4.13.2-source/runtime/src/dfa/DFASerializer.cpp")
      C:\Program Files\Microsoft Visual Studio\2022\Community\VC\Tools\MSVC\14.44.35207\include\vcruntime_exception.h(49,35):
       см. объявление "std::exception"
      D:\study\AaSD\antlr\antlr4-cpp-runtime-4.13.2-source\runtime\src\Exceptions.h(73,26):
       см. объявление "antlr4::IOException"
  
  CPPUtils.cpp
  StringUtils.cpp
  Utf8.cpp
  ErrorNodeImpl.cpp
D:\study\AaSD\antlr\antlr4-cpp-runtime-4.13.2-source\runtime\src\Exceptions.h(13,57): warning C4275: class "std::exception", не являющийся dll-интерфейсом, использован в качестве базового для dll-интерфейса class "antlr4::RuntimeException"
  (компиляция исходного файла "../../antlr4-cpp-runtime-4.13.2-source/runtime/src/dfa/DFAState.cpp")
      C:\Program Files\Microsoft Visual Studio\2022\Community\VC\Tools\MSVC\14.44.35207\include\vcruntime_exception.h(49,35):
       см. объявление "std::exception"
      D:\study\AaSD\antlr\antlr4-cpp-runtime-4.13.2-source\runtime\src\Exceptions.h(13,26):
       см. объявление "antlr4::RuntimeException"
  
D:\study\AaSD\antlr\antlr4-cpp-runtime-4.13.2-source\runtime\src\Exceptions.h(73,52): warning C4275: class "std::exception", не являющийся dll-интерфейсом, использован в качестве базового для dll-интерфейса class "antlr4::IOException"
  (компиляция исходного файла "../../antlr4-cpp-runtime-4.13.2-source/runtime/src/dfa/DFAState.cpp")
      C:\Program Files\Microsoft Visual Studio\2022\Community\VC\Tools\MSVC\14.44.35207\include\vcruntime_exception.h(49,35):
       см. объявление "std::exception"
      D:\study\AaSD\antlr\antlr4-cpp-runtime-4.13.2-source\runtime\src\Exceptions.h(73,26):
       см. объявление "antlr4::IOException"
  
D:\study\AaSD\antlr\antlr4-cpp-runtime-4.13.2-source\runtime\src\Exceptions.h(13,57): warning C4275: class "std::exception", не являющийся dll-интерфейсом, использован в качестве базового для dll-интерфейса class "antlr4::RuntimeException"
  (компиляция исходного файла "../../antlr4-cpp-runtime-4.13.2-source/runtime/src/misc/InterpreterDataReader.cpp")
      C:\Program Files\Microsoft Visual Studio\2022\Community\VC\Tools\MSVC\14.44.35207\include\vcruntime_exception.h(49,35):
       см. объявление "std::exception"
      D:\study\AaSD\antlr\antlr4-cpp-runtime-4.13.2-source\runtime\src\Exceptions.h(13,26):
       см. объявление "antlr4::RuntimeException"
  
D:\study\AaSD\antlr\antlr4-cpp-runtime-4.13.2-source\runtime\src\Exceptions.h(73,52): warning C4275: class "std::exception", не являющийся dll-интерфейсом, использован в качестве базового для dll-интерфейса class "antlr4::IOException"
  (компиляция исходного файла "../../antlr4-cpp-runtime-4.13.2-source/runtime/src/misc/InterpreterDataReader.cpp")
      C:\Program Files\Microsoft Visual Studio\2022\Community\VC\Tools\MSVC\14.44.35207\include\vcruntime_exception.h(49,35):
       см. объявление "std::exception"
      D:\study\AaSD\antlr\antlr4-cpp-runtime-4.13.2-source\runtime\src\Exceptions.h(73,26):
       см. объявление "antlr4::IOException"
  
  IterativeParseTreeWalker.cpp
  ParseTree.cpp
D:\study\AaSD\antlr\antlr4-cpp-runtime-4.13.2-source\runtime\src\Exceptions.h(13,57): warning C4275: class "std::exception", не являющийся dll-интерфейсом, использован в качестве базового для dll-интерфейса class "antlr4::RuntimeException"
  (компиляция исходного файла "../../antlr4-cpp-runtime-4.13.2-source/runtime/src/misc/IntervalSet.cpp")
      C:\Program Files\Microsoft Visual Studio\2022\Community\VC\Tools\MSVC\14.44.35207\include\vcruntime_exception.h(49,35):
       см. объявление "std::exception"
      D:\study\AaSD\antlr\antlr4-cpp-runtime-4.13.2-source\runtime\src\Exceptions.h(13,26):
       см. объявление "antlr4::RuntimeException"
  
D:\study\AaSD\antlr\antlr4-cpp-runtime-4.13.2-source\runtime\src\Exceptions.h(73,52): warning C4275: class "std::exception", не являющийся dll-интерфейсом, использован в качестве базового для dll-интерфейса class "antlr4::IOException"
  (компиляция исходного файла "../../antlr4-cpp-runtime-4.13.2-source/runtime/src/misc/IntervalSet.cpp")
      C:\Program Files\Microsoft Visual Studio\2022\Community\VC\Tools\MSVC\14.44.35207\include\vcruntime_exception.h(49,35):
       см. объявление "std::exception"
      D:\study\AaSD\antlr\antlr4-cpp-runtime-4.13.2-source\runtime\src\Exceptions.h(73,26):
       см. объявление "antlr4::IOException"
  
  ParseTreeListener.cpp
  ParseTreeVisitor.cpp
  ParseTreeWalker.cpp
  TerminalNodeImpl.cpp
  Trees.cpp
  Chunk.cpp
D:\study\AaSD\antlr\antlr4-cpp-runtime-4.13.2-source\runtime\src\Exceptions.h(13,57): warning C4275: class "std::exception", не являющийся dll-интерфейсом, использован в качестве базового для dll-интерфейса class "antlr4::RuntimeException"
  (компиляция исходного файла "../../antlr4-cpp-runtime-4.13.2-source/runtime/src/support/Arrays.cpp")
      C:\Program Files\Microsoft Visual Studio\2022\Community\VC\Tools\MSVC\14.44.35207\include\vcruntime_exception.h(49,35):
       см. объявление "std::exception"
      D:\study\AaSD\antlr\antlr4-cpp-runtime-4.13.2-source\runtime\src\Exceptions.h(13,26):
       см. объявление "antlr4::RuntimeException"
  
  ParseTreeMatch.cpp
D:\study\AaSD\antlr\antlr4-cpp-runtime-4.13.2-source\runtime\src\Exceptions.h(73,52): warning C4275: class "std::exception", не являющийся dll-интерфейсом, использован в качестве базового для dll-интерфейса class "antlr4::IOException"
  (компиляция исходного файла "../../antlr4-cpp-runtime-4.13.2-source/runtime/src/support/Arrays.cpp")
      C:\Program Files\Microsoft Visual Studio\2022\Community\VC\Tools\MSVC\14.44.35207\include\vcruntime_exception.h(49,35):
       см. объявление "std::exception"
      D:\study\AaSD\antlr\antlr4-cpp-runtime-4.13.2-source\runtime\src\Exceptions.h(73,26):
       см. объявление "antlr4::IOException"
  
C:\Program Files\Microsoft Visual Studio\2022\Community\VC\Tools\MSVC\14.44.35207\include\utility(274,16): warning C4244: инициализация: преобразование "_Ty" в "_Ty1", возможна потеря данных
C:\Program Files\Microsoft Visual Studio\2022\Community\VC\Tools\MSVC\14.44.35207\include\utility(274,16): warning C4244:         with
C:\Program Files\Microsoft Visual Studio\2022\Community\VC\Tools\MSVC\14.44.35207\include\utility(274,16): warning C4244:         [
C:\Program Files\Microsoft Visual Studio\2022\Community\VC\Tools\MSVC\14.44.35207\include\utility(274,16): warning C4244:             _Ty=int
C:\Program Files\Microsoft Visual Studio\2022\Community\VC\Tools\MSVC\14.44.35207\include\utility(274,16): warning C4244:         ]
C:\Program Files\Microsoft Visual Studio\2022\Community\VC\Tools\MSVC\14.44.35207\include\utility(274,16): warning C4244:         and
C:\Program Files\Microsoft Visual Studio\2022\Community\VC\Tools\MSVC\14.44.35207\include\utility(274,16): warning C4244:         [
C:\Program Files\Microsoft Visual Studio\2022\Community\VC\Tools\MSVC\14.44.35207\include\utility(274,16): warning C4244:             _Ty1=uint8_t
C:\Program Files\Microsoft Visual Studio\2022\Community\VC\Tools\MSVC\14.44.35207\include\utility(274,16): warning C4244:         ]
  (компиляция исходного файла "../../antlr4-cpp-runtime-4.13.2-source/runtime/src/support/Utf8.cpp")
      C:\Program Files\Microsoft Visual Studio\2022\Community\VC\Tools\MSVC\14.44.35207\include\utility(274,16):
      контекст создания экземпляра шаблона (сначала самый старый)
          D:\study\AaSD\antlr\antlr4-cpp-runtime-4.13.2-source\runtime\src\support\Utf8.cpp(95,20):
          выполняется компиляция ссылки на экземпляр шаблон функции "std::pair<uint8_t,uint8_t>::pair<int,const uint8_t&,0>(_Other1 &&,_Other2) noexcept"
          with
          [
              _Other1=int,
              _Other2=const uint8_t &
          ]
  
C:\Program Files\Microsoft Visual Studio\2022\Community\VC\Tools\MSVC\14.44.35207\include\utility(274,54): warning C4244: инициализация: преобразование "_Ty" в "_Ty2", возможна потеря данных
C:\Program Files\Microsoft Visual Studio\2022\Community\VC\Tools\MSVC\14.44.35207\include\utility(274,54): warning C4244:         with
C:\Program Files\Microsoft Visual Studio\2022\Community\VC\Tools\MSVC\14.44.35207\include\utility(274,54): warning C4244:         [
C:\Program Files\Microsoft Visual Studio\2022\Community\VC\Tools\MSVC\14.44.35207\include\utility(274,54): warning C4244:             _Ty=int
C:\Program Files\Microsoft Visual Studio\2022\Community\VC\Tools\MSVC\14.44.35207\include\utility(274,54): warning C4244:         ]
C:\Program Files\Microsoft Visual Studio\2022\Community\VC\Tools\MSVC\14.44.35207\include\utility(274,54): warning C4244:         and
C:\Program Files\Microsoft Visual Studio\2022\Community\VC\Tools\MSVC\14.44.35207\include\utility(274,54): warning C4244:         [
C:\Program Files\Microsoft Visual Studio\2022\Community\VC\Tools\MSVC\14.44.35207\include\utility(274,54): warning C4244:             _Ty2=uint8_t
C:\Program Files\Microsoft Visual Studio\2022\Community\VC\Tools\MSVC\14.44.35207\include\utility(274,54): warning C4244:         ]
  (компиляция исходного файла "../../antlr4-cpp-runtime-4.13.2-source/runtime/src/support/Utf8.cpp")
      C:\Program Files\Microsoft Visual Studio\2022\Community\VC\Tools\MSVC\14.44.35207\include\utility(274,54):
      контекст создания экземпляра шаблона (сначала самый старый)
          D:\study\AaSD\antlr\antlr4-cpp-runtime-4.13.2-source\runtime\src\support\Utf8.cpp(95,34):
          выполняется компиляция ссылки на экземпляр шаблон функции "std::pair<uint8_t,uint8_t>::pair<const uint8_t&,int,0>(_Other1,_Other2 &&) noexcept"
          with
          [
              _Other1=const uint8_t &,
              _Other2=int
          ]
  
  ParseTreePattern.cpp
  ParseTreePatternMatcher.cpp
  RuleTagToken.cpp
  TagChunk.cpp
  TextChunk.cpp
  TokenTagToken.cpp
  XPath.cpp
  XPathElement.cpp
D:\study\AaSD\antlr\antlr4-cpp-runtime-4.13.2-source\runtime\src\Exceptions.h(13,57): warning C4275: class "std::exception", не являющийся dll-интерфейсом, использован в качестве базового для dll-интерфейса class "antlr4::RuntimeException"
  (компиляция исходного файла "../../antlr4-cpp-runtime-4.13.2-source/runtime/src/tree/Trees.cpp")
      C:\Program Files\Microsoft Visual Studio\2022\Community\VC\Tools\MSVC\14.44.35207\include\vcruntime_exception.h(49,35):
       см. объявление "std::exception"
      D:\study\AaSD\antlr\antlr4-cpp-runtime-4.13.2-source\runtime\src\Exceptions.h(13,26):
       см. объявление "antlr4::RuntimeException"
  
D:\study\AaSD\antlr\antlr4-cpp-runtime-4.13.2-source\runtime\src\Exceptions.h(73,52): warning C4275: class "std::exception", не являющийся dll-интерфейсом, использован в качестве базового для dll-интерфейса class "antlr4::IOException"
  (компиляция исходного файла "../../antlr4-cpp-runtime-4.13.2-source/runtime/src/tree/Trees.cpp")
      C:\Program Files\Microsoft Visual Studio\2022\Community\VC\Tools\MSVC\14.44.35207\include\vcruntime_exception.h(49,35):
       см. объявление "std::exception"
      D:\study\AaSD\antlr\antlr4-cpp-runtime-4.13.2-source\runtime\src\Exceptions.h(73,26):
       см. объявление "antlr4::IOException"
  
  XPathLexer.cpp
  XPathLexerErrorListener.cpp
D:\study\AaSD\antlr\antlr4-cpp-runtime-4.13.2-source\runtime\src\Exceptions.h(13,57): warning C4275: class "std::exception", не являющийся dll-интерфейсом, использован в качестве базового для dll-интерфейса class "antlr4::RuntimeException"
  (компиляция исходного файла "../../antlr4-cpp-runtime-4.13.2-source/runtime/src/tree/pattern/ParseTreeMatch.cpp")
      C:\Program Files\Microsoft Visual Studio\2022\Community\VC\Tools\MSVC\14.44.35207\include\vcruntime_exception.h(49,35):
       см. объявление "std::exception"
      D:\study\AaSD\antlr\antlr4-cpp-runtime-4.13.2-source\runtime\src\Exceptions.h(13,26):
       см. объявление "antlr4::RuntimeException"
  
D:\study\AaSD\antlr\antlr4-cpp-runtime-4.13.2-source\runtime\src\Exceptions.h(73,52): warning C4275: class "std::exception", не являющийся dll-интерфейсом, использован в качестве базового для dll-интерфейса class "antlr4::IOException"
  (компиляция исходного файла "../../antlr4-cpp-runtime-4.13.2-source/runtime/src/tree/pattern/ParseTreeMatch.cpp")
      C:\Program Files\Microsoft Visual Studio\2022\Community\VC\Tools\MSVC\14.44.35207\include\vcruntime_exception.h(49,35):
       см. объявление "std::exception"
      D:\study\AaSD\antlr\antlr4-cpp-runtime-4.13.2-source\runtime\src\Exceptions.h(73,26):
       см. объявление "antlr4::IOException"
  
D:\study\AaSD\antlr\antlr4-cpp-runtime-4.13.2-source\runtime\src\Exceptions.h(13,57): warning C4275: class "std::exception", не являющийся dll-интерфейсом, использован в качестве базового для dll-интерфейса class "antlr4::RuntimeException"
  (компиляция исходного файла "../../antlr4-cpp-runtime-4.13.2-source/runtime/src/tree/pattern/ParseTreePattern.cpp")
      C:\Program Files\Microsoft Visual Studio\2022\Community\VC\Tools\MSVC\14.44.35207\include\vcruntime_exception.h(49,35):
       см. объявление "std::exception"
      D:\study\AaSD\antlr\antlr4-cpp-runtime-4.13.2-source\runtime\src\Exceptions.h(13,26):
       см. объявление "antlr4::RuntimeException"
  
D:\study\AaSD\antlr\antlr4-cpp-runtime-4.13.2-source\runtime\src\Exceptions.h(73,52): warning C4275: class "std::exception", не являющийся dll-интерфейсом, использован в качестве базового для dll-интерфейса class "antlr4::IOException"
  (компиляция исходного файла "../../antlr4-cpp-runtime-4.13.2-source/runtime/src/tree/pattern/ParseTreePattern.cpp")
      C:\Program Files\Microsoft Visual Studio\2022\Community\VC\Tools\MSVC\14.44.35207\include\vcruntime_exception.h(49,35):
       см. объявление "std::exception"
      D:\study\AaSD\antlr\antlr4-cpp-runtime-4.13.2-source\runtime\src\Exceptions.h(73,26):
       см. объявление "antlr4::IOException"
  
  XPathRuleAnywhereElement.cpp
  XPathRuleElement.cpp
  XPathTokenAnywhereElement.cpp
D:\study\AaSD\antlr\antlr4-cpp-runtime-4.13.2-source\runtime\src\Exceptions.h(13,57): warning C4275: class "std::exception", не являющийся dll-интерфейсом, использован в качестве базового для dll-интерфейса class "antlr4::RuntimeException"
  (компиляция исходного файла "../../antlr4-cpp-runtime-4.13.2-source/runtime/src/tree/pattern/RuleTagToken.cpp")
      C:\Program Files\Microsoft Visual Studio\2022\Community\VC\Tools\MSVC\14.44.35207\include\vcruntime_exception.h(49,35):
       см. объявление "std::exception"
      D:\study\AaSD\antlr\antlr4-cpp-runtime-4.13.2-source\runtime\src\Exceptions.h(13,26):
       см. объявление "antlr4::RuntimeException"
  
  XPathTokenElement.cpp
D:\study\AaSD\antlr\antlr4-cpp-runtime-4.13.2-source\runtime\src\Exceptions.h(73,52): warning C4275: class "std::exception", не являющийся dll-интерфейсом, использован в качестве базового для dll-интерфейса class "antlr4::IOException"
  (компиляция исходного файла "../../antlr4-cpp-runtime-4.13.2-source/runtime/src/tree/pattern/RuleTagToken.cpp")
      C:\Program Files\Microsoft Visual Studio\2022\Community\VC\Tools\MSVC\14.44.35207\include\vcruntime_exception.h(49,35):
       см. объявление "std::exception"
      D:\study\AaSD\antlr\antlr4-cpp-runtime-4.13.2-source\runtime\src\Exceptions.h(73,26):
       см. объявление "antlr4::IOException"
  
D:\study\AaSD\antlr\antlr4-cpp-runtime-4.13.2-source\runtime\src\Exceptions.h(13,57): warning C4275: class "std::exception", не являющийся dll-интерфейсом, использован в качестве базового для dll-интерфейса class "antlr4::RuntimeException"
  (компиляция исходного файла "../../antlr4-cpp-runtime-4.13.2-source/runtime/src/tree/pattern/ParseTreePatternMatcher.cpp")
      C:\Program Files\Microsoft Visual Studio\2022\Community\VC\Tools\MSVC\14.44.35207\include\vcruntime_exception.h(49,35):
       см. объявление "std::exception"
      D:\study\AaSD\antlr\antlr4-cpp-runtime-4.13.2-source\runtime\src\Exceptions.h(13,26):
       см. объявление "antlr4::RuntimeException"
  
D:\study\AaSD\antlr\antlr4-cpp-runtime-4.13.2-source\runtime\src\Exceptions.h(73,52): warning C4275: class "std::exception", не являющийся dll-интерфейсом, использован в качестве базового для dll-интерфейса class "antlr4::IOException"
  (компиляция исходного файла "../../antlr4-cpp-runtime-4.13.2-source/runtime/src/tree/pattern/ParseTreePatternMatcher.cpp")
      C:\Program Files\Microsoft Visual Studio\2022\Community\VC\Tools\MSVC\14.44.35207\include\vcruntime_exception.h(49,35):
       см. объявление "std::exception"
      D:\study\AaSD\antlr\antlr4-cpp-runtime-4.13.2-source\runtime\src\Exceptions.h(73,26):
       см. объявление "antlr4::IOException"
  
  XPathWildcardAnywhereElement.cpp
D:\study\AaSD\antlr\antlr4-cpp-runtime-4.13.2-source\runtime\src\Exceptions.h(13,57): warning C4275: class "std::exception", не являющийся dll-интерфейсом, использован в качестве базового для dll-интерфейса class "antlr4::RuntimeException"
  (компиляция исходного файла "../../antlr4-cpp-runtime-4.13.2-source/runtime/src/tree/pattern/TagChunk.cpp")
      C:\Program Files\Microsoft Visual Studio\2022\Community\VC\Tools\MSVC\14.44.35207\include\vcruntime_exception.h(49,35):
       см. объявление "std::exception"
      D:\study\AaSD\antlr\antlr4-cpp-runtime-4.13.2-source\runtime\src\Exceptions.h(13,26):
       см. объявление "antlr4::RuntimeException"
  
D:\study\AaSD\antlr\antlr4-cpp-runtime-4.13.2-source\runtime\src\Exceptions.h(73,52): warning C4275: class "std::exception", не являющийся dll-интерфейсом, использован в качестве базового для dll-интерфейса class "antlr4::IOException"
  (компиляция исходного файла "../../antlr4-cpp-runtime-4.13.2-source/runtime/src/tree/pattern/TagChunk.cpp")
      C:\Program Files\Microsoft Visual Studio\2022\Community\VC\Tools\MSVC\14.44.35207\include\vcruntime_exception.h(49,35):
       см. объявление "std::exception"
      D:\study\AaSD\antlr\antlr4-cpp-runtime-4.13.2-source\runtime\src\Exceptions.h(73,26):
       см. объявление "antlr4::IOException"
  
D:\study\AaSD\antlr\antlr4-cpp-runtime-4.13.2-source\runtime\src\Exceptions.h(13,57): warning C4275: class "std::exception", не являющийся dll-интерфейсом, использован в качестве базового для dll-интерфейса class "antlr4::RuntimeException"
  (компиляция исходного файла "../../antlr4-cpp-runtime-4.13.2-source/runtime/src/tree/pattern/TextChunk.cpp")
      C:\Program Files\Microsoft Visual Studio\2022\Community\VC\Tools\MSVC\14.44.35207\include\vcruntime_exception.h(49,35):
       см. объявление "std::exception"
      D:\study\AaSD\antlr\antlr4-cpp-runtime-4.13.2-source\runtime\src\Exceptions.h(13,26):
       см. объявление "antlr4::RuntimeException"
  
D:\study\AaSD\antlr\antlr4-cpp-runtime-4.13.2-source\runtime\src\Exceptions.h(73,52): warning C4275: class "std::exception", не являющийся dll-интерфейсом, использован в качестве базового для dll-интерфейса class "antlr4::IOException"
  (компиляция исходного файла "../../antlr4-cpp-runtime-4.13.2-source/runtime/src/tree/pattern/TextChunk.cpp")
      C:\Program Files\Microsoft Visual Studio\2022\Community\VC\Tools\MSVC\14.44.35207\include\vcruntime_exception.h(49,35):
       см. объявление "std::exception"
      D:\study\AaSD\antlr\antlr4-cpp-runtime-4.13.2-source\runtime\src\Exceptions.h(73,26):
       см. объявление "antlr4::IOException"
  
D:\study\AaSD\antlr\antlr4-cpp-runtime-4.13.2-source\runtime\src\Exceptions.h(13,57): warning C4275: class "std::exception", не являющийся dll-интерфейсом, использован в качестве базового для dll-интерфейса class "antlr4::RuntimeException"
  (компиляция исходного файла "../../antlr4-cpp-runtime-4.13.2-source/runtime/src/tree/xpath/XPath.cpp")
      C:\Program Files\Microsoft Visual Studio\2022\Community\VC\Tools\MSVC\14.44.35207\include\vcruntime_exception.h(49,35):
       см. объявление "std::exception"
      D:\study\AaSD\antlr\antlr4-cpp-runtime-4.13.2-source\runtime\src\Exceptions.h(13,26):
       см. объявление "antlr4::RuntimeException"
  
D:\study\AaSD\antlr\antlr4-cpp-runtime-4.13.2-source\runtime\src\Exceptions.h(73,52): warning C4275: class "std::exception", не являющийся dll-интерфейсом, использован в качестве базового для dll-интерфейса class "antlr4::IOException"
  (компиляция исходного файла "../../antlr4-cpp-runtime-4.13.2-source/runtime/src/tree/xpath/XPath.cpp")
      C:\Program Files\Microsoft Visual Studio\2022\Community\VC\Tools\MSVC\14.44.35207\include\vcruntime_exception.h(49,35):
       см. объявление "std::exception"
      D:\study\AaSD\antlr\antlr4-cpp-runtime-4.13.2-source\runtime\src\Exceptions.h(73,26):
       см. объявление "antlr4::IOException"
  
  XPathWildcardElement.cpp
D:\study\AaSD\antlr\antlr4-cpp-runtime-4.13.2-source\runtime\src\Exceptions.h(13,57): warning C4275: class "std::exception", не являющийся dll-интерфейсом, использован в качестве базового для dll-интерфейса class "antlr4::RuntimeException"
  (компиляция исходного файла "../../antlr4-cpp-runtime-4.13.2-source/runtime/src/tree/xpath/XPathLexer.cpp")
      C:\Program Files\Microsoft Visual Studio\2022\Community\VC\Tools\MSVC\14.44.35207\include\vcruntime_exception.h(49,35):
       см. объявление "std::exception"
      D:\study\AaSD\antlr\antlr4-cpp-runtime-4.13.2-source\runtime\src\Exceptions.h(13,26):
       см. объявление "antlr4::RuntimeException"
  
D:\study\AaSD\antlr\antlr4-cpp-runtime-4.13.2-source\runtime\src\Exceptions.h(73,52): warning C4275: class "std::exception", не являющийся dll-интерфейсом, использован в качестве базового для dll-интерфейса class "antlr4::IOException"
  (компиляция исходного файла "../../antlr4-cpp-runtime-4.13.2-source/runtime/src/tree/xpath/XPathLexer.cpp")
      C:\Program Files\Microsoft Visual Studio\2022\Community\VC\Tools\MSVC\14.44.35207\include\vcruntime_exception.h(49,35):
       см. объявление "std::exception"
      D:\study\AaSD\antlr\antlr4-cpp-runtime-4.13.2-source\runtime\src\Exceptions.h(73,26):
       см. объявление "antlr4::IOException"
  
D:\study\AaSD\antlr\antlr4-cpp-runtime-4.13.2-source\runtime\src\Exceptions.h(13,57): warning C4275: class "std::exception", не являющийся dll-интерфейсом, использован в качестве базового для dll-интерфейса class "antlr4::RuntimeException"
  (компиляция исходного файла "../../antlr4-cpp-runtime-4.13.2-source/runtime/src/tree/xpath/XPathLexerErrorListener.cpp")
      C:\Program Files\Microsoft Visual Studio\2022\Community\VC\Tools\MSVC\14.44.35207\include\vcruntime_exception.h(49,35):
       см. объявление "std::exception"
      D:\study\AaSD\antlr\antlr4-cpp-runtime-4.13.2-source\runtime\src\Exceptions.h(13,26):
       см. объявление "antlr4::RuntimeException"
  
D:\study\AaSD\antlr\antlr4-cpp-runtime-4.13.2-source\runtime\src\Exceptions.h(73,52): warning C4275: class "std::exception", не являющийся dll-интерфейсом, использован в качестве базового для dll-интерфейса class "antlr4::IOException"
  (компиляция исходного файла "../../antlr4-cpp-runtime-4.13.2-source/runtime/src/tree/xpath/XPathLexerErrorListener.cpp")
      C:\Program Files\Microsoft Visual Studio\2022\Community\VC\Tools\MSVC\14.44.35207\include\vcruntime_exception.h(49,35):
       см. объявление "std::exception"
      D:\study\AaSD\antlr\antlr4-cpp-runtime-4.13.2-source\runtime\src\Exceptions.h(73,26):
       см. объявление "antlr4::IOException"
  
D:\study\AaSD\antlr\antlr4-cpp-runtime-4.13.2-source\runtime\src\Exceptions.h(13,57): warning C4275: class "std::exception", не являющийся dll-интерфейсом, использован в качестве базового для dll-интерфейса class "antlr4::RuntimeException"
  (компиляция исходного файла "../../antlr4-cpp-runtime-4.13.2-source/runtime/src/tree/xpath/XPathTokenAnywhereElement.cpp")
      C:\Program Files\Microsoft Visual Studio\2022\Community\VC\Tools\MSVC\14.44.35207\include\vcruntime_exception.h(49,35):
       см. объявление "std::exception"
      D:\study\AaSD\antlr\antlr4-cpp-runtime-4.13.2-source\runtime\src\Exceptions.h(13,26):
       см. объявление "antlr4::RuntimeException"
  
D:\study\AaSD\antlr\antlr4-cpp-runtime-4.13.2-source\runtime\src\Exceptions.h(73,52): warning C4275: class "std::exception", не являющийся dll-интерфейсом, использован в качестве базового для dll-интерфейса class "antlr4::IOException"
  (компиляция исходного файла "../../antlr4-cpp-runtime-4.13.2-source/runtime/src/tree/xpath/XPathTokenAnywhereElement.cpp")
      C:\Program Files\Microsoft Visual Studio\2022\Community\VC\Tools\MSVC\14.44.35207\include\vcruntime_exception.h(49,35):
       см. объявление "std::exception"
      D:\study\AaSD\antlr\antlr4-cpp-runtime-4.13.2-source\runtime\src\Exceptions.h(73,26):
       см. объявление "antlr4::IOException"
  
D:\study\AaSD\antlr\antlr4-cpp-runtime-4.13.2-source\runtime\src\Exceptions.h(13,57): warning C4275: class "std::exception", не являющийся dll-интерфейсом, использован в качестве базового для dll-интерфейса class "antlr4::RuntimeException"
  (компиляция исходного файла "../../antlr4-cpp-runtime-4.13.2-source/runtime/src/tree/xpath/XPathRuleAnywhereElement.cpp")
      C:\Program Files\Microsoft Visual Studio\2022\Community\VC\Tools\MSVC\14.44.35207\include\vcruntime_exception.h(49,35):
       см. объявление "std::exception"
      D:\study\AaSD\antlr\antlr4-cpp-runtime-4.13.2-source\runtime\src\Exceptions.h(13,26):
       см. объявление "antlr4::RuntimeException"
  
D:\study\AaSD\antlr\antlr4-cpp-runtime-4.13.2-source\runtime\src\Exceptions.h(13,57): warning C4275: class "std::exception", не являющийся dll-интерфейсом, использован в качестве базового для dll-интерфейса class "antlr4::RuntimeException"
  (компиляция исходного файла "../../antlr4-cpp-runtime-4.13.2-source/runtime/src/tree/xpath/XPathRuleElement.cpp")
      C:\Program Files\Microsoft Visual Studio\2022\Community\VC\Tools\MSVC\14.44.35207\include\vcruntime_exception.h(49,35):
       см. объявление "std::exception"
      D:\study\AaSD\antlr\antlr4-cpp-runtime-4.13.2-source\runtime\src\Exceptions.h(13,26):
       см. объявление "antlr4::RuntimeException"
  
D:\study\AaSD\antlr\antlr4-cpp-runtime-4.13.2-source\runtime\src\Exceptions.h(73,52): warning C4275: class "std::exception", не являющийся dll-интерфейсом, использован в качестве базового для dll-интерфейса class "antlr4::IOException"
  (компиляция исходного файла "../../antlr4-cpp-runtime-4.13.2-source/runtime/src/tree/xpath/XPathRuleAnywhereElement.cpp")
      C:\Program Files\Microsoft Visual Studio\2022\Community\VC\Tools\MSVC\14.44.35207\include\vcruntime_exception.h(49,35):
       см. объявление "std::exception"
      D:\study\AaSD\antlr\antlr4-cpp-runtime-4.13.2-source\runtime\src\Exceptions.h(73,26):
       см. объявление "antlr4::IOException"
  
D:\study\AaSD\antlr\antlr4-cpp-runtime-4.13.2-source\runtime\src\Exceptions.h(73,52): warning C4275: class "std::exception", не являющийся dll-интерфейсом, использован в качестве базового для dll-интерфейса class "antlr4::IOException"
  (компиляция исходного файла "../../antlr4-cpp-runtime-4.13.2-source/runtime/src/tree/xpath/XPathRuleElement.cpp")
      C:\Program Files\Microsoft Visual Studio\2022\Community\VC\Tools\MSVC\14.44.35207\include\vcruntime_exception.h(49,35):
       см. объявление "std::exception"
      D:\study\AaSD\antlr\antlr4-cpp-runtime-4.13.2-source\runtime\src\Exceptions.h(73,26):
       см. объявление "antlr4::IOException"
  
D:\study\AaSD\antlr\antlr4-cpp-runtime-4.13.2-source\runtime\src\Exceptions.h(13,57): warning C4275: class "std::exception", не являющийся dll-интерфейсом, использован в качестве базового для dll-интерфейса class "antlr4::RuntimeException"
  (компиляция исходного файла "../../antlr4-cpp-runtime-4.13.2-source/runtime/src/tree/xpath/XPathTokenElement.cpp")
      C:\Program Files\Microsoft Visual Studio\2022\Community\VC\Tools\MSVC\14.44.35207\include\vcruntime_exception.h(49,35):
       см. объявление "std::exception"
      D:\study\AaSD\antlr\antlr4-cpp-runtime-4.13.2-source\runtime\src\Exceptions.h(13,26):
       см. объявление "antlr4::RuntimeException"
  
D:\study\AaSD\antlr\antlr4-cpp-runtime-4.13.2-source\runtime\src\Exceptions.h(73,52): warning C4275: class "std::exception", не являющийся dll-интерфейсом, использован в качестве базового для dll-интерфейса class "antlr4::IOException"
  (компиляция исходного файла "../../antlr4-cpp-runtime-4.13.2-source/runtime/src/tree/xpath/XPathTokenElement.cpp")
      C:\Program Files\Microsoft Visual Studio\2022\Community\VC\Tools\MSVC\14.44.35207\include\vcruntime_exception.h(49,35):
       см. объявление "std::exception"
      D:\study\AaSD\antlr\antlr4-cpp-runtime-4.13.2-source\runtime\src\Exceptions.h(73,26):
       см. объявление "antlr4::IOException"
  
D:\study\AaSD\antlr\antlr4-cpp-runtime-4.13.2-source\runtime\src\Exceptions.h(13,57): warning C4275: class "std::exception", не являющийся dll-интерфейсом, использован в качестве базового для dll-интерфейса class "antlr4::RuntimeException"
  (компиляция исходного файла "../../antlr4-cpp-runtime-4.13.2-source/runtime/src/tree/xpath/XPathWildcardAnywhereElement.cpp")
      C:\Program Files\Microsoft Visual Studio\2022\Community\VC\Tools\MSVC\14.44.35207\include\vcruntime_exception.h(49,35):
       см. объявление "std::exception"
      D:\study\AaSD\antlr\antlr4-cpp-runtime-4.13.2-source\runtime\src\Exceptions.h(13,26):
       см. объявление "antlr4::RuntimeException"
  
D:\study\AaSD\antlr\antlr4-cpp-runtime-4.13.2-source\runtime\src\Exceptions.h(73,52): warning C4275: class "std::exception", не являющийся dll-интерфейсом, использован в качестве базового для dll-интерфейса class "antlr4::IOException"
  (компиляция исходного файла "../../antlr4-cpp-runtime-4.13.2-source/runtime/src/tree/xpath/XPathWildcardAnywhereElement.cpp")
      C:\Program Files\Microsoft Visual Studio\2022\Community\VC\Tools\MSVC\14.44.35207\include\vcruntime_exception.h(49,35):
       см. объявление "std::exception"
      D:\study\AaSD\antlr\antlr4-cpp-runtime-4.13.2-source\runtime\src\Exceptions.h(73,26):
       см. объявление "antlr4::IOException"
  
D:\study\AaSD\antlr\antlr4-cpp-runtime-4.13.2-source\runtime\src\tree\xpath\XPathLexer.cpp(158,48): warning C4100: "context": неиспользованный параметр
D:\study\AaSD\antlr\antlr4-cpp-runtime-4.13.2-source\runtime\src\Exceptions.h(13,57): warning C4275: class "std::exception", не являющийся dll-интерфейсом, использован в качестве базового для dll-интерфейса class "antlr4::RuntimeException"
  (компиляция исходного файла "../../antlr4-cpp-runtime-4.13.2-source/runtime/src/tree/xpath/XPathWildcardElement.cpp")
      C:\Program Files\Microsoft Visual Studio\2022\Community\VC\Tools\MSVC\14.44.35207\include\vcruntime_exception.h(49,35):
       см. объявление "std::exception"
      D:\study\AaSD\antlr\antlr4-cpp-runtime-4.13.2-source\runtime\src\Exceptions.h(13,26):
       см. объявление "antlr4::RuntimeException"
  
D:\study\AaSD\antlr\antlr4-cpp-runtime-4.13.2-source\runtime\src\Exceptions.h(73,52): warning C4275: class "std::exception", не являющийся dll-интерфейсом, использован в качестве базового для dll-интерфейса class "antlr4::IOException"
  (компиляция исходного файла "../../antlr4-cpp-runtime-4.13.2-source/runtime/src/tree/xpath/XPathWildcardElement.cpp")
      C:\Program Files\Microsoft Visual Studio\2022\Community\VC\Tools\MSVC\14.44.35207\include\vcruntime_exception.h(49,35):
       см. объявление "std::exception"
      D:\study\AaSD\antlr\antlr4-cpp-runtime-4.13.2-source\runtime\src\Exceptions.h(73,26):
       см. объявление "antlr4::IOException"
  
     Создается библиотека D:/study/AaSD/antlr/antlr_sln/runtime/Debug/antlr4-runtime.lib и объект D:/study/AaSD/antlr/antlr_sln/runtime/Debug/antlr4-runtime.exp
  antlr4_shared.vcxproj -> D:\study\AaSD\antlr\antlr_sln\runtime\Debug\antlr4-runtime.dll
